<?xml version="1.0" encoding="Windows-1252" ?><NotepadPlus><AutoComplete>
<KeyWord name="!--...--" />
<KeyWord name="!DOCTYPE" />
<KeyWord name="a" />
<KeyWord name="a href=&quot;&quot; title=&quot;&quot; target=&quot;_blank&quot;&gt;&lt;/a&gt;" />
<KeyWord name="a href=&quot;&quot; title=&quot;&quot; target=&quot;_parent&quot;&gt;&lt;/a&gt;" />
<KeyWord name="a href=&quot;&quot; title=&quot;&quot; target=&quot;_self&quot;&gt;&lt;/a&gt;" />
<KeyWord name="a href=&quot;&quot; title=&quot;&quot; target=&quot;_top&quot;&gt;&lt;/a&gt;" />
<KeyWord name="a href=&quot;&quot; title=&quot;&quot;&gt;&lt;/a&gt;" />
<KeyWord name="abbr" />
<KeyWord name="accesskey=&quot;&quot;" />
<KeyWord name="acronym" />
<KeyWord name="address" />
<KeyWord name="alt=&quot;&quot;" />
<KeyWord name="applet" />
<KeyWord name="area" />
<KeyWord name="article" />
<KeyWord name="aside" />
<KeyWord name="audio" />
<KeyWord name="audio autoplay=&quot;&quot; controls=&quot;&quot; loop=&quot;&quot; preload=&quot;&quot; src=&quot;&quot;&gt;&lt;/audio&gt;" />
<KeyWord name="b" />
<KeyWord name="base" />
<KeyWord name="basefont" />
<KeyWord name="bdo" />
<KeyWord name="big" />
<KeyWord name="blockquote" />
<KeyWord name="body" />
<KeyWord name="br" />
<KeyWord name="button" />
<KeyWord name="canvas" />
<KeyWord name="caption" />
<KeyWord name="cavas width=&quot;&quot; height=&quot;&quot;&gt;&lt;/cavas&gt;" />
<KeyWord name="center" />
<KeyWord name="checked=&quot;checked&quot;" />
<KeyWord name="cite" />
<KeyWord name="class=&quot;&quot;" />
<KeyWord name="clr" />
<KeyWord name="code" />
<KeyWord name="col" />
<KeyWord name="colgroup" />
<KeyWord name="command" />
<KeyWord name="command checked=&quot;&quot; disabled=&quot;&quot; icon=&quot;url();&quot; label=&quot;&quot; radiogroup=&quot;&quot; type=&quot;&quot;&gt;&lt;/command&gt;" />
<KeyWord name="compact=&quot;compact&quot;" />
<KeyWord name="contenteditable=&quot;&quot;" />
<KeyWord name="contextmenu=&quot;&quot;" />
<KeyWord name="data-yourvalue=&quot;&quot;" />
<KeyWord name="datalist" />
<KeyWord name="datalist&gt;&lt;option value=&quot;&quot;&gt;&lt;/option&gt;&lt;/datalist&gt;" />
<KeyWord name="dd" />
<KeyWord name="debug" />
<KeyWord name="declare=&quot;declare&quot;" />
<KeyWord name="defer=&quot;defer&quot;" />
<KeyWord name="del" />
<KeyWord name="details" />
<KeyWord name="details open=&quot;&quot;&gt;&lt;/details&gt;" />
<KeyWord name="dfn" />
<KeyWord name="dir" />
<KeyWord name="dir=&quot;&quot;" />
<KeyWord name="disabled=&quot;disabled&quot;" />
<KeyWord name="div" />
<KeyWord name="div class=&quot;&quot; id=&quot;&quot;&gt;&lt;/div&gt;" />
<KeyWord name="dl" />
<KeyWord name="draggable=&quot;&quot;" />
<KeyWord name="dt" />
<KeyWord name="em" />
<KeyWord name="embed" />
<KeyWord name="embed height=&quot;&quot; width=&quot;&quot; src=&quot;&quot; type=&quot;&quot;&gt;&lt;/embed&gt;" />
<KeyWord name="fieldset" />
<KeyWord name="figcaption" />
<KeyWord name="font" />
<KeyWord name="footer" />
<KeyWord name="form" />
<KeyWord name="form class=&quot;&quot; id=&quot;&quot; name=&quot;&quot; action=&quot;&quot; target=&quot;&quot;&gt;&lt;/form&gt;" />
<KeyWord name="frame" />
<KeyWord name="frameset" />
<KeyWord name="h1" />
<KeyWord name="h2" />
<KeyWord name="h3" />
<KeyWord name="h4" />
<KeyWord name="h5" />
<KeyWord name="h6" />
<KeyWord name="head" />
<KeyWord name="header" />
<KeyWord name="hgroup" />
<KeyWord name="hidden=&quot;&quot;" />
<KeyWord name="hide" />
<KeyWord name="hr" />
<KeyWord name="html" />
<KeyWord name="i" />
<KeyWord name="id=&quot;&quot;" />
<KeyWord name="iframe" />
<KeyWord name="iframe class=&quot;&quot; id=&quot;&quot; name=&quot;&quot; target=&quot;&quot;&gt;&lt;/iframe&gt;" />
<KeyWord name="img" />
<KeyWord name="img src=&quot;&quot; alt=&quot;&quot; title=&quot;&quot; /&gt;" />
<KeyWord name="input" />
<KeyWord name="input name=&quot;&quot; /&gt;" />
<KeyWord name="input type=&quot;button&quot; name=&quot;&quot; /&gt;" />
<KeyWord name="input type=&quot;checkbox&quot; name=&quot;&quot; /&gt;" />
<KeyWord name="input type=&quot;image&quot; name=&quot;&quot; /&gt;" />
<KeyWord name="input type=&quot;radio&quot; name=&quot;&quot; /&gt;" />
<KeyWord name="input type=&quot;submit&quot; name=&quot;&quot; /&gt;" />
<KeyWord name="input type=&quot;text&quot; name=&quot;&quot; /&gt;" />
<KeyWord name="ins" />
<KeyWord name="isindex" />
<KeyWord name="ismap=&quot;ismap&quot;" />
<KeyWord name="item=&quot;&quot;" />
<KeyWord name="itemprop=&quot;&quot;" />
<KeyWord name="javascript" />
<KeyWord name="kbd" />
<KeyWord name="keygen" />
<KeyWord name="keygen autofocus=&quot;&quot; challenge=&quot;&quot; disabled=&quot;&quot; form=&quot;&quot; keytype=&quot;&quot; name=&quot;&quot;&gt;&lt;/keygen&gt;" />
<KeyWord name="label" />
<KeyWord name="label for=&quot;&quot;&gt;&lt;/label&gt;" />
<KeyWord name="lang=&quot;&quot;" />
<KeyWord name="legend" />
<KeyWord name="li" />
<KeyWord name="link" />
<KeyWord name="link rel=&quot;stylesheet&quot; href=&quot;&quot; /&gt;" />
<KeyWord name="map" />
<KeyWord name="mark" />
<KeyWord name="menu" />
<KeyWord name="meta" />
<KeyWord name="meta charset=&quot;gb2312&quot; /&gt;" />
<KeyWord name="meta charset=&quot;utf-8&quot; /&gt;" />
<KeyWord name="meter" />
<KeyWord name="meter high=&quot;&quot; low=&quot;&quot; max=&quot;&quot; min=&quot;&quot; optimum=&quot;&quot; value=&quot;&quot;&gt;&lt;/meter&gt;" />
<KeyWord name="mod-" />
<KeyWord name="multiple=&quot;multiple&quot;" />
<KeyWord name="name=&quot;&quot;" />
<KeyWord name="nav" />
<KeyWord name="noframes" />
<KeyWord name="nohref=&quot;nohref&quot;" />
<KeyWord name="noresize=&quot;noresize&quot;" />
<KeyWord name="noscript" />
<KeyWord name="noshade=&quot;noshade&quot;" />
<KeyWord name="nowrap=&quot;nowrap&quot;" />
<KeyWord name="object" />
<KeyWord name="ol" />
<KeyWord name="onabort=&quot;&quot;" />
<KeyWord name="onafterprint=&quot;&quot;" />
<KeyWord name="onbeforeonload=&quot;&quot;" />
<KeyWord name="onbeforeprint=&quot;&quot;" />
<KeyWord name="onblur=&quot;&quot;" />
<KeyWord name="oncanplay=&quot;&quot;" />
<KeyWord name="oncanplaythrough=&quot;&quot;" />
<KeyWord name="onchange=&quot;&quot;" />
<KeyWord name="onclick=&quot;&quot;" />
<KeyWord name="oncontextmenu=&quot;&quot;" />
<KeyWord name="ondblclick=&quot;&quot;" />
<KeyWord name="ondrag=&quot;&quot;" />
<KeyWord name="ondragend=&quot;&quot;" />
<KeyWord name="ondragenter=&quot;&quot;" />
<KeyWord name="ondragleave=&quot;&quot;" />
<KeyWord name="ondragover=&quot;&quot;" />
<KeyWord name="ondragstart=&quot;&quot;" />
<KeyWord name="ondrop=&quot;&quot;" />
<KeyWord name="ondurationchange=&quot;&quot;" />
<KeyWord name="onemptied=&quot;&quot;" />
<KeyWord name="onended=&quot;&quot;" />
<KeyWord name="onerror=&quot;&quot;" />
<KeyWord name="onfocus=&quot;&quot;" />
<KeyWord name="onformchange=&quot;&quot;" />
<KeyWord name="onforminput=&quot;&quot;" />
<KeyWord name="onhaschange=&quot;&quot;" />
<KeyWord name="oninput=&quot;&quot;" />
<KeyWord name="oninvalid=&quot;&quot;" />
<KeyWord name="onkeydown=&quot;&quot;" />
<KeyWord name="onkeypress=&quot;&quot;" />
<KeyWord name="onkeyup=&quot;&quot;" />
<KeyWord name="onload=&quot;&quot;" />
<KeyWord name="onloadeddata=&quot;&quot;" />
<KeyWord name="onloadedmetadata=&quot;&quot;" />
<KeyWord name="onloadstart=&quot;&quot;" />
<KeyWord name="onmessage=&quot;&quot;" />
<KeyWord name="onmousedown=&quot;&quot;" />
<KeyWord name="onmousemove=&quot;&quot;" />
<KeyWord name="onmouseout=&quot;&quot;" />
<KeyWord name="onmouseover=&quot;&quot;" />
<KeyWord name="onmouseup=&quot;&quot;" />
<KeyWord name="onmousewheel=&quot;&quot;" />
<KeyWord name="onoffline=&quot;&quot;" />
<KeyWord name="ononline=&quot;&quot;" />
<KeyWord name="onpagehide=&quot;&quot;" />
<KeyWord name="onpageshow=&quot;&quot;" />
<KeyWord name="onpause=&quot;&quot;" />
<KeyWord name="onplay=&quot;&quot;" />
<KeyWord name="onplaying=&quot;&quot;" />
<KeyWord name="onpopstate=&quot;&quot;" />
<KeyWord name="onprogress=&quot;&quot;" />
<KeyWord name="onratechange=&quot;&quot;" />
<KeyWord name="onreadystatechange=&quot;&quot;" />
<KeyWord name="onredo=&quot;&quot;" />
<KeyWord name="onreset=&quot;&quot;" />
<KeyWord name="onresize=&quot;&quot;" />
<KeyWord name="onscroll=&quot;&quot;" />
<KeyWord name="onseeked=&quot;&quot;" />
<KeyWord name="onseeking=&quot;&quot;" />
<KeyWord name="onselect=&quot;&quot;" />
<KeyWord name="onstalled=&quot;&quot;" />
<KeyWord name="onstorage=&quot;&quot;" />
<KeyWord name="onsubmit=&quot;&quot;" />
<KeyWord name="onsuspend=&quot;&quot;" />
<KeyWord name="ontimeupdate=&quot;&quot;" />
<KeyWord name="onundo=&quot;&quot;" />
<KeyWord name="onunload=&quot;&quot;" />
<KeyWord name="onvolumechange=&quot;&quot;" />
<KeyWord name="onwaiting=&quot;&quot;" />
<KeyWord name="optgroup" />
<KeyWord name="option" />
<KeyWord name="output" />
<KeyWord name="output for=&quot;&quot; form=&quot;&quot; name=&quot;&quot;&gt;&lt;/output&gt;" />
<KeyWord name="over" />
<KeyWord name="p" />
<KeyWord name="param" />
<KeyWord name="pre" />
<KeyWord name="progress" />
<KeyWord name="progress max=&quot;&quot; value=&quot;&quot;&gt;&lt;/progress&gt;" />
<KeyWord name="q" />
<KeyWord name="readonly=&quot;readonly&quot;" />
<KeyWord name="rp" />
<KeyWord name="rt" />
<KeyWord name="ruby" />
<KeyWord name="s" />
<KeyWord name="samp" />
<KeyWord name="script" />
<KeyWord name="section" />
<KeyWord name="section cite=&quot;&quot;&gt;&lt;/section&gt;" />
<KeyWord name="select" />
<KeyWord name="selected=&quot;selected&quot;" />
<KeyWord name="small" />
<KeyWord name="source" />
<KeyWord name="source media=&quot;&quot; src=&quot;&quot; type=&quot;&quot;&gt;&lt;/source&gt;" />
<KeyWord name="span" />
<KeyWord name="spellcheck=&quot;&quot;" />
<KeyWord name="strike" />
<KeyWord name="strong" />
<KeyWord name="style" />
<KeyWord name="style type=&quot;text/css&quot;&gt;&lt;/style&gt;" />
<KeyWord name="style=&quot;&quot;" />
<KeyWord name="sub" />
<KeyWord name="subject=&quot;&quot;" />
<KeyWord name="summary" />
<KeyWord name="sup" />
<KeyWord name="tabindex=&quot;&quot;" />
<KeyWord name="table" />
<KeyWord name="tbody" />
<KeyWord name="td" />
<KeyWord name="textarea" />
<KeyWord name="tfoot" />
<KeyWord name="th" />
<KeyWord name="thead" />
<KeyWord name="time" />
<KeyWord name="time datetime=&quot;&quot;&gt;&lt;/time&gt;" />
<KeyWord name="title" />
<KeyWord name="title=&quot;&quot;" />
<KeyWord name="tr" />
<KeyWord name="tt" />
<KeyWord name="type=&quot;&quot;" />
<KeyWord name="u" />
<KeyWord name="ul" />
<KeyWord name="var" />
<KeyWord name="video" />
<KeyWord name="video autoplay=&quot;&quot; controls=&quot;&quot; height=&quot;&quot; width=&quot;&quot; loop=&quot;&quot; preload=&quot;&quot; src=&quot;&quot;&gt;&lt;/video&gt;" />
<KeyWord name="xml:lang=&quot;&quot;" />
<KeyWord name="xmp" />
</AutoComplete></NotepadPlus>