<?xml version="1.0" encoding="Windows-1252" ?><NotepadPlus><AutoComplete><KeyWord name="abbr" />
<KeyWord name="ABORT_ERR" />
<KeyWord name="abstract" />
<KeyWord name="accept" />
<KeyWord name="acceptCharset" />
<KeyWord name="acceptData()" />
<KeyWord name="access()" />
<KeyWord name="accessKey" />
<KeyWord name="action" />
<KeyWord name="actionURL" />
<KeyWord name="active" />
<KeyWord name="activeElement" />
<KeyWord name="add()" />
<KeyWord name="addBinding()" />
<KeyWord name="addClass()" />
<KeyWord name="addEventListener()" />
<KeyWord name="ADDITION" />
<KeyWord name="AddSearchProvider()" />
<KeyWord name="adoptNode()" />
<KeyWord name="after()" />
<KeyWord name="ajax()" />
<KeyWord name="ajaxComplete()" />
<KeyWord name="ajaxError()" />
<KeyWord name="ajaxPrefilter()" />
<KeyWord name="ajaxSend()" />
<KeyWord name="ajaxSettings" />
<KeyWord name="ajaxSetup()" />
<KeyWord name="ajaxStart()" />
<KeyWord name="ajaxStop()" />
<KeyWord name="ajaxSuccess()" />
<KeyWord name="ajaxTransport()" />
<KeyWord name="alert()" />
<KeyWord name="align" />
<KeyWord name="aLink" />
<KeyWord name="alinkColor" />
<KeyWord name="all" />
<KeyWord name="all()" />
<KeyWord name="ALLOW_KEYBOARD_INPUT" />
<KeyWord name="alt" />
<KeyWord name="altKey" />
<KeyWord name="altLeft" />
<KeyWord name="anchors" />
<KeyWord name="anchors()" />
<KeyWord name="andSelf()" />
<KeyWord name="animate()" />
<KeyWord name="animated" />
<KeyWord name="ANY_TYPE" />
<KeyWord name="ANY_UNORDERED_NODE_TYPE" />
<KeyWord name="app" />
<KeyWord name="appCodeName" />
<KeyWord name="append()" />
<KeyWord name="appendChild()" />
<KeyWord name="appendController()" />
<KeyWord name="appendTo()" />
<KeyWord name="applets" />
<KeyWord name="applets()" />
<KeyWord name="applicationCache" />
<KeyWord name="apply()" />
<KeyWord name="appMinorVersion" />
<KeyWord name="appName" />
<KeyWord name="appVersion" />
<KeyWord name="archive" />
<KeyWord name="areas" />
<KeyWord name="areas()" />
<KeyWord name="Array" />
<KeyWord name="ArrayBuffer" />
<KeyWord name="ArrayBuffer()" />
<KeyWord name="assert()" />
<KeyWord name="assign()" />
<KeyWord name="async" />
<KeyWord name="AT_TARGET" />
<KeyWord name="atob()" />
<KeyWord name="attachEvent()" />
<KeyWord name="Attr" />
<KeyWord name="Attr()" />
<KeyWord name="attr()" />
<KeyWord name="attrFix" />
<KeyWord name="attrFn" />
<KeyWord name="attrHooks" />
<KeyWord name="ATTRIBUTE_NODE" />
<KeyWord name="attributes" />
<KeyWord name="Audio" />
<KeyWord name="Audio()" />
<KeyWord name="autocomplete" />
<KeyWord name="autofocus" />
<KeyWord name="availHeight" />
<KeyWord name="availLeft" />
<KeyWord name="availTop" />
<KeyWord name="availWidth" />
<KeyWord name="axis" />
<KeyWord name="back()" />
<KeyWord name="background" />
<KeyWord name="BAD_BOUNDARYPOINTS_ERR" />
<KeyWord name="baseURI" />
<KeyWord name="before()" />
<KeyWord name="BeforeLoadEvent" />
<KeyWord name="BeforeLoadEvent()" />
<KeyWord name="beforeSend" />
<KeyWord name="behaviorCookie" />
<KeyWord name="behaviorPart" />
<KeyWord name="bgColor" />
<KeyWord name="bind()" />
<KeyWord name="bindReady()" />
<KeyWord name="Blob" />
<KeyWord name="Blob()" />
<KeyWord name="BLUR" />
<KeyWord name="blur()" />
<KeyWord name="body" />
<KeyWord name="bookmarks" />
<KeyWord name="Boolean" />
<KeyWord name="boolean" />
<KeyWord name="BOOLEAN_TYPE" />
<KeyWord name="border" />
<KeyWord name="BOTH" />
<KeyWord name="boundElements" />
<KeyWord name="boxModel" />
<KeyWord name="break" />
<KeyWord name="browser" />
<KeyWord name="browserLanguage" />
<KeyWord name="btoa()" />
<KeyWord name="bubbles" />
<KeyWord name="BUBBLING_PHASE" />
<KeyWord name="bufferDepth" />
<KeyWord name="buildFragment()" />
<KeyWord name="buildID" />
<KeyWord name="buildNumber()" />
<KeyWord name="button" />
<KeyWord name="buttonID" />
<KeyWord name="byte" />
<KeyWord name="BYTES_PER_ELEMENT" />
<KeyWord name="cache" />
<KeyWord name="call()" />
<KeyWord name="callback" />
<KeyWord name="camelCase()" />
<KeyWord name="cancelable" />
<KeyWord name="cancelBubble" />
<KeyWord name="CanvasGradient" />
<KeyWord name="CanvasGradient()" />
<KeyWord name="CanvasPattern" />
<KeyWord name="CanvasPattern()" />
<KeyWord name="CanvasRenderingContext2D" />
<KeyWord name="CanvasRenderingContext2D()" />
<KeyWord name="caption" />
<KeyWord name="captureEvents()" />
<KeyWord name="CAPTURING_PHASE" />
<KeyWord name="caretRangeFromPoint()" />
<KeyWord name="case" />
<KeyWord name="catch" />
<KeyWord name="CDATA_SECTION_NODE" />
<KeyWord name="CDATASection" />
<KeyWord name="CDATASection()" />
<KeyWord name="cellIndex" />
<KeyWord name="cellPadding" />
<KeyWord name="cells" />
<KeyWord name="cells()" />
<KeyWord name="cellSpacing" />
<KeyWord name="ch" />
<KeyWord name="CHANGE" />
<KeyWord name="change()" />
<KeyWord name="char" />
<KeyWord name="CharacterData" />
<KeyWord name="CharacterData()" />
<KeyWord name="characterSet" />
<KeyWord name="charAt()" />
<KeyWord name="charCodeAt()" />
<KeyWord name="charset" />
<KeyWord name="CHARSET_RULE" />
<KeyWord name="checked" />
<KeyWord name="CHECKING" />
<KeyWord name="checkPermission()" />
<KeyWord name="checkValidity()" />
<KeyWord name="childElementCount" />
<KeyWord name="childNodes" />
<KeyWord name="childNodes()" />
<KeyWord name="children" />
<KeyWord name="children()" />
<KeyWord name="chOff" />
<KeyWord name="chrome" />
<KeyWord name="cite" />
<KeyWord name="class" />
<KeyWord name="classId" />
<KeyWord name="classList" />
<KeyWord name="className" />
<KeyWord name="clean()" />
<KeyWord name="cleanData()" />
<KeyWord name="clear" />
<KeyWord name="clear()" />
<KeyWord name="clearData()" />
<KeyWord name="clearInterval()" />
<KeyWord name="clearQueue()" />
<KeyWord name="clearTimeout()" />
<KeyWord name="CLICK" />
<KeyWord name="click()" />
<KeyWord name="click(function(){})" />
<KeyWord name="clientHeight" />
<KeyWord name="clientInformation" />
<KeyWord name="clientLeft" />
<KeyWord name="ClientRect" />
<KeyWord name="ClientRect()" />
<KeyWord name="ClientRectList" />
<KeyWord name="ClientRectList()" />
<KeyWord name="clientTop" />
<KeyWord name="clientWidth" />
<KeyWord name="clientX" />
<KeyWord name="clientY" />
<KeyWord name="Clipboard" />
<KeyWord name="Clipboard()" />
<KeyWord name="clipboardData" />
<KeyWord name="clone()" />
<KeyWord name="cloneNode()" />
<KeyWord name="close()" />
<KeyWord name="closed" />
<KeyWord name="CLOSED" />
<KeyWord name="CloseEvent" />
<KeyWord name="CloseEvent()" />
<KeyWord name="closest()" />
<KeyWord name="code" />
<KeyWord name="codeBase" />
<KeyWord name="codeType" />
<KeyWord name="collect()" />
<KeyWord name="color" />
<KeyWord name="colorDepth" />
<KeyWord name="cols" />
<KeyWord name="colSpan" />
<KeyWord name="Comment" />
<KeyWord name="Comment()" />
<KeyWord name="COMMENT_NODE" />
<KeyWord name="compact" />
<KeyWord name="compareDocumentPosition()" />
<KeyWord name="compatible" />
<KeyWord name="compatMode" />
<KeyWord name="compile()" />
<KeyWord name="complete" />
<KeyWord name="concat()" />
<KeyWord name="confirm()" />
<KeyWord name="CONNECTING" />
<KeyWord name="console" />
<KeyWord name="console.log()" />
<KeyWord name="const" />
<KeyWord name="CONSTRAINT_ERR" />
<KeyWord name="constructor()" />
<KeyWord name="contains()" />
<KeyWord name="content" />
<KeyWord name="contentDocument" />
<KeyWord name="contentEditable" />
<KeyWord name="contentOverflow" />
<KeyWord name="contents()" />
<KeyWord name="contentType" />
<KeyWord name="contentWindow" />
<KeyWord name="context" />
<KeyWord name="continue" />
<KeyWord name="control" />
<KeyWord name="controllers" />
<KeyWord name="cookie" />
<KeyWord name="cookieEnabled" />
<KeyWord name="coords" />
<KeyWord name="count()" />
<KeyWord name="Counter" />
<KeyWord name="Counter()" />
<KeyWord name="cpuClass" />
<KeyWord name="createAttribute()" />
<KeyWord name="createAttributeNS()" />
<KeyWord name="createCaption()" />
<KeyWord name="createCDATASection()" />
<KeyWord name="createComment()" />
<KeyWord name="createDocumentFragment()" />
<KeyWord name="createElement()" />
<KeyWord name="createElementNS()" />
<KeyWord name="createEntityReference()" />
<KeyWord name="createEvent()" />
<KeyWord name="createEventObject()" />
<KeyWord name="createExpression()" />
<KeyWord name="createHTMLNotification()" />
<KeyWord name="createNodeIterator()" />
<KeyWord name="createNotification()" />
<KeyWord name="createNSResolver()" />
<KeyWord name="createObjectURL()" />
<KeyWord name="createPopup()" />
<KeyWord name="createProcessingInstruction()" />
<KeyWord name="createRange()" />
<KeyWord name="createStyleSheet()" />
<KeyWord name="createTextNode()" />
<KeyWord name="createTFoot()" />
<KeyWord name="createTHead()" />
<KeyWord name="createTreeWalker()" />
<KeyWord name="crossOrigin" />
<KeyWord name="crypto" />
<KeyWord name="csi()" />
<KeyWord name="css()" />
<KeyWord name="CSS_ATTR" />
<KeyWord name="CSS_CM" />
<KeyWord name="CSS_COUNTER" />
<KeyWord name="CSS_CUSTOM" />
<KeyWord name="CSS_DEG" />
<KeyWord name="CSS_DIMENSION" />
<KeyWord name="CSS_EMS" />
<KeyWord name="CSS_EXS" />
<KeyWord name="CSS_GRAD" />
<KeyWord name="CSS_HZ" />
<KeyWord name="CSS_IDENT" />
<KeyWord name="CSS_IN" />
<KeyWord name="CSS_INHERIT" />
<KeyWord name="CSS_KHZ" />
<KeyWord name="CSS_MATRIX" />
<KeyWord name="CSS_MATRIX3D" />
<KeyWord name="CSS_MM" />
<KeyWord name="CSS_MS" />
<KeyWord name="CSS_NUMBER" />
<KeyWord name="CSS_PC" />
<KeyWord name="CSS_PERCENTAGE" />
<KeyWord name="CSS_PERSPECTIVE" />
<KeyWord name="CSS_PRIMITIVE_VALUE" />
<KeyWord name="CSS_PT" />
<KeyWord name="CSS_PX" />
<KeyWord name="CSS_RAD" />
<KeyWord name="CSS_RECT" />
<KeyWord name="CSS_RGBCOLOR" />
<KeyWord name="CSS_ROTATE" />
<KeyWord name="CSS_ROTATE3D" />
<KeyWord name="CSS_ROTATEX" />
<KeyWord name="CSS_ROTATEY" />
<KeyWord name="CSS_ROTATEZ" />
<KeyWord name="CSS_S" />
<KeyWord name="CSS_SCALE" />
<KeyWord name="CSS_SCALE3D" />
<KeyWord name="CSS_SCALEX" />
<KeyWord name="CSS_SCALEY" />
<KeyWord name="CSS_SCALEZ" />
<KeyWord name="CSS_SKEW" />
<KeyWord name="CSS_SKEWX" />
<KeyWord name="CSS_SKEWY" />
<KeyWord name="CSS_STRING" />
<KeyWord name="CSS_TRANSLATE" />
<KeyWord name="CSS_TRANSLATE3D" />
<KeyWord name="CSS_TRANSLATEX" />
<KeyWord name="CSS_TRANSLATEY" />
<KeyWord name="CSS_TRANSLATEZ" />
<KeyWord name="CSS_UNKNOWN" />
<KeyWord name="CSS_URI" />
<KeyWord name="CSS_VALUE_LIST" />
<KeyWord name="CSSCharsetRule" />
<KeyWord name="CSSCharsetRule()" />
<KeyWord name="CSSFontFaceRule" />
<KeyWord name="CSSFontFaceRule()" />
<KeyWord name="cssHooks" />
<KeyWord name="CSSImportRule" />
<KeyWord name="CSSImportRule()" />
<KeyWord name="CSSMediaRule" />
<KeyWord name="CSSMediaRule()" />
<KeyWord name="cssNumber" />
<KeyWord name="CSSPageRule" />
<KeyWord name="CSSPageRule()" />
<KeyWord name="CSSPrimitiveValue" />
<KeyWord name="CSSPrimitiveValue()" />
<KeyWord name="cssProps" />
<KeyWord name="CSSRule" />
<KeyWord name="CSSRule()" />
<KeyWord name="CSSRuleList" />
<KeyWord name="CSSRuleList()" />
<KeyWord name="CSSStyleDeclaration" />
<KeyWord name="CSSStyleDeclaration()" />
<KeyWord name="CSSStyleRule" />
<KeyWord name="CSSStyleRule()" />
<KeyWord name="CSSStyleSheet" />
<KeyWord name="CSSStyleSheet()" />
<KeyWord name="CSSValue" />
<KeyWord name="CSSValue()" />
<KeyWord name="CSSValueList" />
<KeyWord name="CSSValueList()" />
<KeyWord name="ctrlKey" />
<KeyWord name="ctrlLeft" />
<KeyWord name="curCSS()" />
<KeyWord name="current" />
<KeyWord name="currentScript" />
<KeyWord name="currentStyle" />
<KeyWord name="currentTarget" />
<KeyWord name="data" />
<KeyWord name="data()" />
<KeyWord name="DATABASE_ERR" />
<KeyWord name="dataFld" />
<KeyWord name="dataset" />
<KeyWord name="dataTransfer" />
<KeyWord name="dataType" />
<KeyWord name="DataView" />
<KeyWord name="DataView()" />
<KeyWord name="Date" />
<KeyWord name="dateTime" />
<KeyWord name="DBLCLICK" />
<KeyWord name="dblclick()" />
<KeyWord name="debug()" />
<KeyWord name="debugger" />
<KeyWord name="declare" />
<KeyWord name="decodeURI()" />
<KeyWord name="decodeURIComponent()" />
<KeyWord name="default" />
<KeyWord name="defaultCharset" />
<KeyWord name="defaultChecked" />
<KeyWord name="defaultPrevented" />
<KeyWord name="defaultSelected" />
<KeyWord name="defaultStatus" />
<KeyWord name="defaultstatus" />
<KeyWord name="defaultValue" />
<KeyWord name="defaultView" />
<KeyWord name="defer" />
<KeyWord name="Deferred()" />
<KeyWord name="defineMagicFunction()" />
<KeyWord name="defineMagicVariable()" />
<KeyWord name="delay()" />
<KeyWord name="delegate()" />
<KeyWord name="delete" />
<KeyWord name="deleteCaption()" />
<KeyWord name="deleteCell()" />
<KeyWord name="deleteDatabase()" />
<KeyWord name="deleteRow()" />
<KeyWord name="deleteTFoot()" />
<KeyWord name="deleteTHead()" />
<KeyWord name="dequeue()" />
<KeyWord name="designMode" />
<KeyWord name="detach()" />
<KeyWord name="detachEvent()" />
<KeyWord name="DeviceOrientationEvent()" />
<KeyWord name="devicePixelRatio" />
<KeyWord name="deviceXDPI" />
<KeyWord name="deviceYDPI" />
<KeyWord name="die()" />
<KeyWord name="dir" />
<KeyWord name="dir()" />
<KeyWord name="dirxml()" />
<KeyWord name="disabled" />
<KeyWord name="disableExternalCapture()" />
<KeyWord name="disableRightClick()" />
<KeyWord name="dispatchEvent()" />
<KeyWord name="dispatchFormChange()" />
<KeyWord name="dispatchFormInput()" />
<KeyWord name="do" />
<KeyWord name="doctype" />
<KeyWord name="document" />
<KeyWord name="Document" />
<KeyWord name="Document()" />
<KeyWord name="DOCUMENT_FRAGMENT_NODE" />
<KeyWord name="DOCUMENT_NODE" />
<KeyWord name="DOCUMENT_POSITION_CONTAINED_BY" />
<KeyWord name="DOCUMENT_POSITION_CONTAINS" />
<KeyWord name="DOCUMENT_POSITION_DISCONNECTED" />
<KeyWord name="DOCUMENT_POSITION_FOLLOWING" />
<KeyWord name="DOCUMENT_POSITION_IMPLEMENTATION_SPECIFIC" />
<KeyWord name="DOCUMENT_POSITION_PRECEDING" />
<KeyWord name="DOCUMENT_TYPE_NODE" />
<KeyWord name="documentElement" />
<KeyWord name="DocumentFragment" />
<KeyWord name="DocumentFragment()" />
<KeyWord name="documentMode" />
<KeyWord name="DocumentType" />
<KeyWord name="DocumentType()" />
<KeyWord name="documentURI" />
<KeyWord name="domain" />
<KeyWord name="DOMException" />
<KeyWord name="DOMException()" />
<KeyWord name="DOMImplementation" />
<KeyWord name="DOMImplementation()" />
<KeyWord name="domManip()" />
<KeyWord name="DOMParser" />
<KeyWord name="DOMParser()" />
<KeyWord name="DOMSettableTokenList" />
<KeyWord name="DOMSettableTokenList()" />
<KeyWord name="DOMSTRING_SIZE_ERR" />
<KeyWord name="DOMStringList" />
<KeyWord name="DOMStringList()" />
<KeyWord name="DOMStringMap" />
<KeyWord name="DOMStringMap()" />
<KeyWord name="DOMTokenList" />
<KeyWord name="DOMTokenList()" />
<KeyWord name="DONE" />
<KeyWord name="double" />
<KeyWord name="DOWNLOADING" />
<KeyWord name="DRAGDROP" />
<KeyWord name="draggable" />
<KeyWord name="dropEffect" />
<KeyWord name="dump()" />
<KeyWord name="e.preventDefault();" />
<KeyWord name="each()" />
<KeyWord name="easing" />
<KeyWord name="effectAllowed" />
<KeyWord name="Element" />
<KeyWord name="Element()" />
<KeyWord name="ELEMENT_NODE" />
<KeyWord name="elementFromPoint()" />
<KeyWord name="elements" />
<KeyWord name="elements()" />
<KeyWord name="else" />
<KeyWord name="embeds" />
<KeyWord name="embeds()" />
<KeyWord name="empty()" />
<KeyWord name="enableExternalCapture()" />
<KeyWord name="enableSmartCardEvents" />
<KeyWord name="enableStyleSheetsForSet()" />
<KeyWord name="encodeURI()" />
<KeyWord name="encodeURIComponent()" />
<KeyWord name="encoding" />
<KeyWord name="enctype" />
<KeyWord name="end()" />
<KeyWord name="END_TO_END" />
<KeyWord name="END_TO_START" />
<KeyWord name="Entity" />
<KeyWord name="Entity()" />
<KeyWord name="ENTITY_NODE" />
<KeyWord name="ENTITY_REFERENCE_NODE" />
<KeyWord name="EntityReference" />
<KeyWord name="EntityReference()" />
<KeyWord name="enum" />
<KeyWord name="eq()" />
<KeyWord name="Error" />
<KeyWord name="error" />
<KeyWord name="error()" />
<KeyWord name="escape()" />
<KeyWord name="etag" />
<KeyWord name="eval()" />
<KeyWord name="EvalError" />
<KeyWord name="evaluate()" />
<KeyWord name="even" />
<KeyWord name="event" />
<KeyWord name="Event" />
<KeyWord name="Event()" />
<KeyWord name="EventException" />
<KeyWord name="EventException()" />
<KeyWord name="eventPhase" />
<KeyWord name="EventSource" />
<KeyWord name="EventSource()" />
<KeyWord name="every()" />
<KeyWord name="exception()" />
<KeyWord name="exec()" />
<KeyWord name="execCommand()" />
<KeyWord name="execCommandShowHelp()" />
<KeyWord name="execScript()" />
<KeyWord name="expando" />
<KeyWord name="export" />
<KeyWord name="expr" />
<KeyWord name="extend()" />
<KeyWord name="extends" />
<KeyWord name="external" />
<KeyWord name="face" />
<KeyWord name="fadeIn()" />
<KeyWord name="fadeOut()" />
<KeyWord name="fadeTo()" />
<KeyWord name="fadeToggle()" />
<KeyWord name="false" />
<KeyWord name="fgColor" />
<KeyWord name="File" />
<KeyWord name="File()" />
<KeyWord name="fileCreatedDate" />
<KeyWord name="FileError()" />
<KeyWord name="FileList" />
<KeyWord name="FileList()" />
<KeyWord name="fileModifiedDate" />
<KeyWord name="FileReader()" />
<KeyWord name="files" />
<KeyWord name="fileSize" />
<KeyWord name="fileUpdatedDate" />
<KeyWord name="filter()" />
<KeyWord name="FILTER_ACCEPT" />
<KeyWord name="FILTER_REJECT" />
<KeyWord name="FILTER_SKIP" />
<KeyWord name="final" />
<KeyWord name="finally" />
<KeyWord name="find()" />
<KeyWord name="firebug" />
<KeyWord name="fireEvent()" />
<KeyWord name="first()" />
<KeyWord name="first-child" />
<KeyWord name="FIRST_ORDERED_NODE_TYPE" />
<KeyWord name="firstChild" />
<KeyWord name="firstElementChild" />
<KeyWord name="float" />
<KeyWord name="Float32Array" />
<KeyWord name="Float32Array()" />
<KeyWord name="Float64Array()" />
<KeyWord name="fn" />
<KeyWord name="FOCUS" />
<KeyWord name="focus()" />
<KeyWord name="focusin()" />
<KeyWord name="focusout()" />
<KeyWord name="FONT_FACE_RULE" />
<KeyWord name="fontSmoothingEnabled" />
<KeyWord name="for" />
<KeyWord name="for(var i = 0, l = arr.length; i < l; i++){}" />
<KeyWord name="for(var p in obj){}" />
<KeyWord name="forEach()" />
<KeyWord name="form" />
<KeyWord name="formAction" />
<KeyWord name="FormData" />
<KeyWord name="FormData()" />
<KeyWord name="formEnctype" />
<KeyWord name="formMethod" />
<KeyWord name="formNoValidate" />
<KeyWord name="forms" />
<KeyWord name="forms()" />
<KeyWord name="formTarget" />
<KeyWord name="forward()" />
<KeyWord name="fragments" />
<KeyWord name="frame" />
<KeyWord name="frameBorder" />
<KeyWord name="frameElement" />
<KeyWord name="frames" />
<KeyWord name="fromElement" />
<KeyWord name="fullScreen" />
<KeyWord name="Function" />
<KeyWord name="function" />
<KeyWord name="function(){}" />
<KeyWord name="fx()" />
<KeyWord name="generateCRMFRequest()" />
<KeyWord name="geolocation" />
<KeyWord name="get" />
<KeyWord name="GET" />
<KeyWord name="get()" />
<KeyWord name="getAnonymousElementByAttribute()" />
<KeyWord name="getAnonymousNodes()" />
<KeyWord name="getAttribute()" />
<KeyWord name="getAttributeNode()" />
<KeyWord name="getAttributeNodeNS()" />
<KeyWord name="getAttributeNS()" />
<KeyWord name="getBindingParent()" />
<KeyWord name="getBoundingClientRect()" />
<KeyWord name="getClientRects()" />
<KeyWord name="getComputedStyle()" />
<KeyWord name="getControllerAt()" />
<KeyWord name="getControllerById()" />
<KeyWord name="getControllerCount()" />
<KeyWord name="getControllerForCommand()" />
<KeyWord name="getControllerId()" />
<KeyWord name="getCSSCanvasContext()" />
<KeyWord name="getData()" />
<KeyWord name="getDate()" />
<KeyWord name="getDay()" />
<KeyWord name="getElementById()" />
<KeyWord name="getElementsByClassName()" />
<KeyWord name="getElementsByName()" />
<KeyWord name="getElementsByTagName()" />
<KeyWord name="getElementsByTagNameNS()" />
<KeyWord name="getFeature()" />
<KeyWord name="getFullYear()" />
<KeyWord name="getHours()" />
<KeyWord name="getInterface()" />
<KeyWord name="getJSON()" />
<KeyWord name="getMatchedCSSRules()" />
<KeyWord name="getMilliseconds()" />
<KeyWord name="getMinutes()" />
<KeyWord name="getMonth()" />
<KeyWord name="getOverrideHistoryNavigationMode()" />
<KeyWord name="getOverrideStyle()" />
<KeyWord name="getParameter()" />
<KeyWord name="getPreference()" />
<KeyWord name="getPreferenceDefault()" />
<KeyWord name="getRandomValues()" />
<KeyWord name="getScript()" />
<KeyWord name="getSeconds()" />
<KeyWord name="getSelection()" />
<KeyWord name="getStorageUpdates()" />
<KeyWord name="getSVGDocument()" />
<KeyWord name="getTime()" />
<KeyWord name="getTimezoneOffset()" />
<KeyWord name="getUserData()" />
<KeyWord name="getUTCDate()" />
<KeyWord name="getUTCDay()" />
<KeyWord name="getUTCFullYear()" />
<KeyWord name="getUTCHours()" />
<KeyWord name="getUTCMilliseconds()" />
<KeyWord name="getUTCMinutes()" />
<KeyWord name="getUTCMonth()" />
<KeyWord name="getUTCSeconds()" />
<KeyWord name="getYear()" />
<KeyWord name="global" />
<KeyWord name="globalEval()" />
<KeyWord name="globalStorage" />
<KeyWord name="go()" />
<KeyWord name="goto" />
<KeyWord name="grep()" />
<KeyWord name="group()" />
<KeyWord name="groupCollapsed()" />
<KeyWord name="groupEnd()" />
<KeyWord name="gt" />
<KeyWord name="guid" />
<KeyWord name="has()" />
<KeyWord name="hasAttribute()" />
<KeyWord name="hasAttributeNS()" />
<KeyWord name="hasAttributes()" />
<KeyWord name="hasChildNodes()" />
<KeyWord name="hasClass()" />
<KeyWord name="hasData()" />
<KeyWord name="hasFocus()" />
<KeyWord name="hash" />
<KeyWord name="HashChangeEvent" />
<KeyWord name="HashChangeEvent()" />
<KeyWord name="HAVE_CURRENT_DATA" />
<KeyWord name="HAVE_ENOUGH_DATA" />
<KeyWord name="HAVE_FUTURE_DATA" />
<KeyWord name="HAVE_METADATA" />
<KeyWord name="HAVE_NOTHING" />
<KeyWord name="head" />
<KeyWord name="header" />
<KeyWord name="headers" />
<KeyWord name="HEADERS_RECEIVED" />
<KeyWord name="height" />
<KeyWord name="height()" />
<KeyWord name="hidden" />
<KeyWord name="hide()" />
<KeyWord name="hideFocus" />
<KeyWord name="HIERARCHY_REQUEST_ERR" />
<KeyWord name="history" />
<KeyWord name="holdReady()" />
<KeyWord name="home()" />
<KeyWord name="HORIZONTAL" />
<KeyWord name="host" />
<KeyWord name="hostname" />
<KeyWord name="hover()" />
<KeyWord name="href" />
<KeyWord name="hreflang" />
<KeyWord name="hspace" />
<KeyWord name="html()" />
<KeyWord name="HTMLAllCollection" />
<KeyWord name="HTMLAllCollection()" />
<KeyWord name="HTMLAnchorElement" />
<KeyWord name="HTMLAnchorElement()" />
<KeyWord name="HTMLAppletElement" />
<KeyWord name="HTMLAppletElement()" />
<KeyWord name="HTMLAreaElement" />
<KeyWord name="HTMLAreaElement()" />
<KeyWord name="HTMLAudioElement" />
<KeyWord name="HTMLAudioElement()" />
<KeyWord name="HTMLBaseElement" />
<KeyWord name="HTMLBaseElement()" />
<KeyWord name="HTMLBaseFontElement" />
<KeyWord name="HTMLBaseFontElement()" />
<KeyWord name="HTMLBlockquoteElement" />
<KeyWord name="HTMLBlockquoteElement()" />
<KeyWord name="HTMLBodyElement" />
<KeyWord name="HTMLBodyElement()" />
<KeyWord name="HTMLBRElement" />
<KeyWord name="HTMLBRElement()" />
<KeyWord name="HTMLButtonElement" />
<KeyWord name="HTMLButtonElement()" />
<KeyWord name="HTMLCanvasElement" />
<KeyWord name="HTMLCanvasElement()" />
<KeyWord name="HTMLCollection" />
<KeyWord name="HTMLCollection()" />
<KeyWord name="HTMLDirectoryElement" />
<KeyWord name="HTMLDirectoryElement()" />
<KeyWord name="HTMLDivElement" />
<KeyWord name="HTMLDivElement()" />
<KeyWord name="HTMLDListElement" />
<KeyWord name="HTMLDListElement()" />
<KeyWord name="HTMLDocument" />
<KeyWord name="HTMLDocument()" />
<KeyWord name="HTMLElement" />
<KeyWord name="HTMLElement()" />
<KeyWord name="HTMLEmbedElement" />
<KeyWord name="HTMLEmbedElement()" />
<KeyWord name="HTMLFieldSetElement" />
<KeyWord name="HTMLFieldSetElement()" />
<KeyWord name="HTMLFontElement" />
<KeyWord name="HTMLFontElement()" />
<KeyWord name="htmlFor" />
<KeyWord name="HTMLFormElement" />
<KeyWord name="HTMLFormElement()" />
<KeyWord name="HTMLFrameElement" />
<KeyWord name="HTMLFrameElement()" />
<KeyWord name="HTMLFrameSetElement" />
<KeyWord name="HTMLFrameSetElement()" />
<KeyWord name="HTMLHeadElement" />
<KeyWord name="HTMLHeadElement()" />
<KeyWord name="HTMLHeadingElement" />
<KeyWord name="HTMLHeadingElement()" />
<KeyWord name="HTMLHRElement" />
<KeyWord name="HTMLHRElement()" />
<KeyWord name="HTMLHtmlElement" />
<KeyWord name="HTMLHtmlElement()" />
<KeyWord name="HTMLIFrameElement" />
<KeyWord name="HTMLIFrameElement()" />
<KeyWord name="HTMLImageElement" />
<KeyWord name="HTMLImageElement()" />
<KeyWord name="HTMLInputElement" />
<KeyWord name="HTMLInputElement()" />
<KeyWord name="HTMLIsIndexElement" />
<KeyWord name="HTMLIsIndexElement()" />
<KeyWord name="HTMLKeygenElement" />
<KeyWord name="HTMLKeygenElement()" />
<KeyWord name="HTMLLabelElement" />
<KeyWord name="HTMLLabelElement()" />
<KeyWord name="HTMLLegendElement" />
<KeyWord name="HTMLLegendElement()" />
<KeyWord name="HTMLLIElement" />
<KeyWord name="HTMLLIElement()" />
<KeyWord name="HTMLLinkElement" />
<KeyWord name="HTMLLinkElement()" />
<KeyWord name="HTMLMapElement" />
<KeyWord name="HTMLMapElement()" />
<KeyWord name="HTMLMarqueeElement" />
<KeyWord name="HTMLMarqueeElement()" />
<KeyWord name="HTMLMediaElement" />
<KeyWord name="HTMLMediaElement()" />
<KeyWord name="HTMLMenuElement" />
<KeyWord name="HTMLMenuElement()" />
<KeyWord name="HTMLMetaElement" />
<KeyWord name="HTMLMetaElement()" />
<KeyWord name="HTMLMeterElement()" />
<KeyWord name="HTMLModElement" />
<KeyWord name="HTMLModElement()" />
<KeyWord name="HTMLObjectElement" />
<KeyWord name="HTMLObjectElement()" />
<KeyWord name="HTMLOListElement" />
<KeyWord name="HTMLOListElement()" />
<KeyWord name="HTMLOptGroupElement" />
<KeyWord name="HTMLOptGroupElement()" />
<KeyWord name="HTMLOptionElement" />
<KeyWord name="HTMLOptionElement()" />
<KeyWord name="HTMLOutputElement" />
<KeyWord name="HTMLOutputElement()" />
<KeyWord name="HTMLParagraphElement" />
<KeyWord name="HTMLParagraphElement()" />
<KeyWord name="HTMLParamElement" />
<KeyWord name="HTMLParamElement()" />
<KeyWord name="HTMLPreElement" />
<KeyWord name="HTMLPreElement()" />
<KeyWord name="HTMLProgressElement()" />
<KeyWord name="HTMLQuoteElement" />
<KeyWord name="HTMLQuoteElement()" />
<KeyWord name="HTMLScriptElement" />
<KeyWord name="HTMLScriptElement()" />
<KeyWord name="HTMLSelectElement" />
<KeyWord name="HTMLSelectElement()" />
<KeyWord name="HTMLStyleElement" />
<KeyWord name="HTMLStyleElement()" />
<KeyWord name="HTMLTableCaptionElement" />
<KeyWord name="HTMLTableCaptionElement()" />
<KeyWord name="HTMLTableCellElement" />
<KeyWord name="HTMLTableCellElement()" />
<KeyWord name="HTMLTableColElement" />
<KeyWord name="HTMLTableColElement()" />
<KeyWord name="HTMLTableElement" />
<KeyWord name="HTMLTableElement()" />
<KeyWord name="HTMLTableRowElement" />
<KeyWord name="HTMLTableRowElement()" />
<KeyWord name="HTMLTableSectionElement" />
<KeyWord name="HTMLTableSectionElement()" />
<KeyWord name="HTMLTextAreaElement" />
<KeyWord name="HTMLTextAreaElement()" />
<KeyWord name="HTMLTitleElement" />
<KeyWord name="HTMLTitleElement()" />
<KeyWord name="HTMLUListElement" />
<KeyWord name="HTMLUListElement()" />
<KeyWord name="HTMLVideoElement" />
<KeyWord name="HTMLVideoElement()" />
<KeyWord name="httpEquiv" />
<KeyWord name="id" />
<KeyWord name="IDLE" />
<KeyWord name="if" />
<KeyWord name="ignoreCase" />
<KeyWord name="Image" />
<KeyWord name="Image()" />
<KeyWord name="ImageData" />
<KeyWord name="ImageData()" />
<KeyWord name="images" />
<KeyWord name="images()" />
<KeyWord name="implementation" />
<KeyWord name="implements" />
<KeyWord name="import" />
<KeyWord name="IMPORT_RULE" />
<KeyWord name="importNode()" />
<KeyWord name="importUserCertificates()" />
<KeyWord name="in" />
<KeyWord name="inArray()" />
<KeyWord name="incremental" />
<KeyWord name="indeterminate" />
<KeyWord name="index" />
<KeyWord name="index()" />
<KeyWord name="INDEX_SIZE_ERR" />
<KeyWord name="indexOf()" />
<KeyWord name="Infinity" />
<KeyWord name="info()" />
<KeyWord name="init" />
<KeyWord name="init()" />
<KeyWord name="initEvent()" />
<KeyWord name="innerHeight" />
<KeyWord name="innerHeight()" />
<KeyWord name="innerHTML" />
<KeyWord name="innerText" />
<KeyWord name="innerWidth" />
<KeyWord name="innerWidth()" />
<KeyWord name="inputEncoding" />
<KeyWord name="inputmode" />
<KeyWord name="insertAdjacentElement()" />
<KeyWord name="insertAdjacentHTML()" />
<KeyWord name="insertAdjacentText()" />
<KeyWord name="insertAfter()" />
<KeyWord name="insertBefore()" />
<KeyWord name="insertCell()" />
<KeyWord name="insertControllerAt()" />
<KeyWord name="insertRow()" />
<KeyWord name="installJRE" />
<KeyWord name="InstallTrigger" />
<KeyWord name="instanceof" />
<KeyWord name="int" />
<KeyWord name="Int16Array" />
<KeyWord name="Int16Array()" />
<KeyWord name="Int32Array" />
<KeyWord name="Int32Array()" />
<KeyWord name="Int8Array" />
<KeyWord name="Int8Array()" />
<KeyWord name="interface" />
<KeyWord name="INUSE_ATTRIBUTE_ERR" />
<KeyWord name="INVALID_ACCESS_ERR" />
<KeyWord name="INVALID_CHARACTER_ERR" />
<KeyWord name="INVALID_EXPRESSION_ERR" />
<KeyWord name="INVALID_MODIFICATION_ERR" />
<KeyWord name="INVALID_NODE_TYPE_ERR" />
<KeyWord name="INVALID_STATE_ERR" />
<KeyWord name="is()" />
<KeyWord name="isArray()" />
<KeyWord name="isContentEditable" />
<KeyWord name="isDefaultNamespace()" />
<KeyWord name="isEmptyObject()" />
<KeyWord name="isEqualNode()" />
<KeyWord name="isFinite()" />
<KeyWord name="isFunction()" />
<KeyWord name="isMap" />
<KeyWord name="isNaN()" />
<KeyWord name="isPlainObject()" />
<KeyWord name="isReady" />
<KeyWord name="isSameNode()" />
<KeyWord name="IsSearchProviderInstalled()" />
<KeyWord name="isSupported()" />
<KeyWord name="isWindow()" />
<KeyWord name="isXMLDoc()" />
<KeyWord name="item()" />
<KeyWord name="javaEnabled()" />
<KeyWord name="join()" />
<KeyWord name="jQuery" />
<KeyWord name="jquery" />
<KeyWord name="JSON" />
<KeyWord name="json" />
<KeyWord name="KeyboardEvent" />
<KeyWord name="KeyboardEvent()" />
<KeyWord name="keyCode" />
<KeyWord name="KEYDOWN" />
<KeyWord name="keydown()" />
<KeyWord name="KEYPRESS" />
<KeyWord name="keypress()" />
<KeyWord name="KEYUP" />
<KeyWord name="keyup()" />
<KeyWord name="label" />
<KeyWord name="labels" />
<KeyWord name="labels()" />
<KeyWord name="lang" />
<KeyWord name="language" />
<KeyWord name="last()" />
<KeyWord name="last-child" />
<KeyWord name="lastChild" />
<KeyWord name="lastElementChild" />
<KeyWord name="lastIndex" />
<KeyWord name="lastIndexOf()" />
<KeyWord name="lastModified" />
<KeyWord name="lastStyleSheetSet" />
<KeyWord name="left" />
<KeyWord name="leftMargin" />
<KeyWord name="length" />
<KeyWord name="LENGTHADJUST_SPACING" />
<KeyWord name="LENGTHADJUST_SPACINGANDGLYPHS" />
<KeyWord name="LENGTHADJUST_UNKNOWN" />
<KeyWord name="link" />
<KeyWord name="linkColor" />
<KeyWord name="links" />
<KeyWord name="links()" />
<KeyWord name="list" />
<KeyWord name="live()" />
<KeyWord name="load()" />
<KeyWord name="loadBindingDocument()" />
<KeyWord name="LOADING" />
<KeyWord name="loadTimes()" />
<KeyWord name="localeCompare()" />
<KeyWord name="localName" />
<KeyWord name="localStorage" />
<KeyWord name="location" />
<KeyWord name="locationbar" />
<KeyWord name="log()" />
<KeyWord name="logicalXDPI" />
<KeyWord name="logicalYDPI" />
<KeyWord name="logout()" />
<KeyWord name="long" />
<KeyWord name="longDesc" />
<KeyWord name="lookupNamespaceURI()" />
<KeyWord name="lookupPrefix()" />
<KeyWord name="lowsrc" />
<KeyWord name="lt" />
<KeyWord name="makeArray()" />
<KeyWord name="manifest" />
<KeyWord name="map()" />
<KeyWord name="marginHeight" />
<KeyWord name="marginWidth" />
<KeyWord name="markTimeline()" />
<KeyWord name="match()" />
<KeyWord name="matchMedia()" />
<KeyWord name="matchMedium()" />
<KeyWord name="Math" />
<KeyWord name="Math.abs()" />
<KeyWord name="Math.acos()" />
<KeyWord name="Math.asin()" />
<KeyWord name="Math.atan()" />
<KeyWord name="Math.atan2()" />
<KeyWord name="Math.ceil()" />
<KeyWord name="Math.cos()" />
<KeyWord name="Math.E" />
<KeyWord name="Math.exp()" />
<KeyWord name="Math.floor()" />
<KeyWord name="Math.LN10" />
<KeyWord name="Math.LN2" />
<KeyWord name="Math.log()" />
<KeyWord name="Math.LOG10E" />
<KeyWord name="Math.LOG2E" />
<KeyWord name="Math.max()" />
<KeyWord name="Math.min()" />
<KeyWord name="Math.PI" />
<KeyWord name="Math.pow()" />
<KeyWord name="Math.random()" />
<KeyWord name="Math.round()" />
<KeyWord name="Math.sin()" />
<KeyWord name="Math.sqrt()" />
<KeyWord name="Math.SQRT1_2" />
<KeyWord name="Math.SQRT2" />
<KeyWord name="Math.tan()" />
<KeyWord name="max" />
<KeyWord name="maxConnectionsPerServer" />
<KeyWord name="maxLength" />
<KeyWord name="media" />
<KeyWord name="MEDIA_ERR_ABORTED" />
<KeyWord name="MEDIA_ERR_DECODE" />
<KeyWord name="MEDIA_ERR_NETWORK" />
<KeyWord name="MEDIA_ERR_SRC_NOT_SUPPORTED" />
<KeyWord name="MEDIA_RULE" />
<KeyWord name="MediaError" />
<KeyWord name="MediaError()" />
<KeyWord name="MediaList" />
<KeyWord name="MediaList()" />
<KeyWord name="memory" />
<KeyWord name="memoryProfile()" />
<KeyWord name="memoryProfileEnd()" />
<KeyWord name="menubar" />
<KeyWord name="merge()" />
<KeyWord name="MessageChannel" />
<KeyWord name="MessageChannel()" />
<KeyWord name="MessageEvent" />
<KeyWord name="MessageEvent()" />
<KeyWord name="MessagePort" />
<KeyWord name="MessagePort()" />
<KeyWord name="method" />
<KeyWord name="mimeType" />
<KeyWord name="MimeType" />
<KeyWord name="MimeType()" />
<KeyWord name="MimeTypeArray" />
<KeyWord name="MimeTypeArray()" />
<KeyWord name="mimeTypes" />
<KeyWord name="min" />
<KeyWord name="MODIFICATION" />
<KeyWord name="MOUSEDOWN" />
<KeyWord name="mousedown()" />
<KeyWord name="MOUSEDRAG" />
<KeyWord name="mouseenter()" />
<KeyWord name="MouseEvent" />
<KeyWord name="MouseEvent()" />
<KeyWord name="mouseleave()" />
<KeyWord name="MOUSEMOVE" />
<KeyWord name="mousemove()" />
<KeyWord name="MOUSEOUT" />
<KeyWord name="mouseout()" />
<KeyWord name="MOUSEOVER" />
<KeyWord name="mouseover()" />
<KeyWord name="MOUSEUP" />
<KeyWord name="mouseup()" />
<KeyWord name="moveBy()" />
<KeyWord name="moveFocusDown()" />
<KeyWord name="moveFocusLeft()" />
<KeyWord name="moveFocusRight()" />
<KeyWord name="moveFocusUp()" />
<KeyWord name="moveTo()" />
<KeyWord name="mozAdd()" />
<KeyWord name="mozAnimationStartTime" />
<KeyWord name="mozGetFileNameArray()" />
<KeyWord name="mozHasItem()" />
<KeyWord name="mozIndexedDB" />
<KeyWord name="mozInnerScreenX" />
<KeyWord name="mozInnerScreenY" />
<KeyWord name="mozIsLocallyAvailable()" />
<KeyWord name="mozIsTextField()" />
<KeyWord name="mozItem()" />
<KeyWord name="mozItems" />
<KeyWord name="mozLength" />
<KeyWord name="mozMatchesSelector()" />
<KeyWord name="mozPaintCount" />
<KeyWord name="mozRemove()" />
<KeyWord name="mozRequestAnimationFrame()" />
<KeyWord name="mozSetFileNameArray()" />
<KeyWord name="mozSetImageElement()" />
<KeyWord name="msDoNotTrack" />
<KeyWord name="msWriteProfilerMark()" />
<KeyWord name="multiline" />
<KeyWord name="multiple" />
<KeyWord name="MutationEvent" />
<KeyWord name="MutationEvent()" />
<KeyWord name="name" />
<KeyWord name="namedItem()" />
<KeyWord name="NamedNodeMap" />
<KeyWord name="NamedNodeMap()" />
<KeyWord name="nameProp" />
<KeyWord name="NAMESPACE_ERR" />
<KeyWord name="namespaces" />
<KeyWord name="namespaceURI" />
<KeyWord name="NaN" />
<KeyWord name="native" />
<KeyWord name="naturalHeight" />
<KeyWord name="naturalWidth" />
<KeyWord name="navigate()" />
<KeyWord name="navigation" />
<KeyWord name="navigationMode" />
<KeyWord name="navigator" />
<KeyWord name="NETWORK_EMPTY" />
<KeyWord name="NETWORK_ERR" />
<KeyWord name="NETWORK_IDLE" />
<KeyWord name="NETWORK_LOADING" />
<KeyWord name="NETWORK_NO_SOURCE" />
<KeyWord name="new" />
<KeyWord name="next()" />
<KeyWord name="nextAll()" />
<KeyWord name="nextElementSibling" />
<KeyWord name="nextPage" />
<KeyWord name="nextSibling" />
<KeyWord name="nextUntil()" />
<KeyWord name="NO_DATA_ALLOWED_ERR" />
<KeyWord name="NO_MODIFICATION_ALLOWED_ERR" />
<KeyWord name="noConflict()" />
<KeyWord name="noData" />
<KeyWord name="Node" />
<KeyWord name="Node()" />
<KeyWord name="NODE_AFTER" />
<KeyWord name="NODE_BEFORE" />
<KeyWord name="NODE_BEFORE_AND_AFTER" />
<KeyWord name="NODE_INSIDE" />
<KeyWord name="NodeFilter" />
<KeyWord name="NodeFilter()" />
<KeyWord name="NodeList" />
<KeyWord name="NodeList()" />
<KeyWord name="nodeName" />
<KeyWord name="nodeName()" />
<KeyWord name="nodeType" />
<KeyWord name="nodeValue" />
<KeyWord name="noHref" />
<KeyWord name="noop()" />
<KeyWord name="noResize" />
<KeyWord name="normalize()" />
<KeyWord name="normalizeDocument()" />
<KeyWord name="noShade" />
<KeyWord name="not()" />
<KeyWord name="NOT_FOUND_ERR" />
<KeyWord name="NOT_SUPPORTED_ERR" />
<KeyWord name="Notation" />
<KeyWord name="Notation()" />
<KeyWord name="NOTATION_NODE" />
<KeyWord name="noValidate" />
<KeyWord name="now()" />
<KeyWord name="noWrap" />
<KeyWord name="nth()" />
<KeyWord name="nth-child" />
<KeyWord name="null" />
<KeyWord name="Number" />
<KeyWord name="Number()" />
<KeyWord name="Number.MAX_VALUE" />
<KeyWord name="Number.MIN_VALUE" />
<KeyWord name="Number.NaN" />
<KeyWord name="Number.NEGATIVE_INFINITY" />
<KeyWord name="Number.POSITIVE_INFINITY" />
<KeyWord name="NUMBER_TYPE" />
<KeyWord name="object" />
<KeyWord name="Object" />
<KeyWord name="OBSOLETE" />
<KeyWord name="odd" />
<KeyWord name="offscreenBuffering" />
<KeyWord name="offset" />
<KeyWord name="offset()" />
<KeyWord name="offsetHeight" />
<KeyWord name="offsetLeft" />
<KeyWord name="offsetParent" />
<KeyWord name="offsetParent()" />
<KeyWord name="offsetTop" />
<KeyWord name="offsetWidth" />
<KeyWord name="offsetX" />
<KeyWord name="offsetY" />
<KeyWord name="oMatchesSelector()" />
<KeyWord name="onabort" />
<KeyWord name="onactivate" />
<KeyWord name="onafterprint" />
<KeyWord name="onafterupdate" />
<KeyWord name="onbeforeactivate" />
<KeyWord name="onbeforedeactivate" />
<KeyWord name="onbeforeeditfocus" />
<KeyWord name="onbeforeprint" />
<KeyWord name="onbeforeunload" />
<KeyWord name="onbeforeupdate" />
<KeyWord name="onblur" />
<KeyWord name="oncached" />
<KeyWord name="oncanplay" />
<KeyWord name="oncanplaythrough" />
<KeyWord name="oncellchange" />
<KeyWord name="onchange" />
<KeyWord name="onchecking" />
<KeyWord name="onclick" />
<KeyWord name="oncontextmenu" />
<KeyWord name="oncontrolselect" />
<KeyWord name="ondataavailable" />
<KeyWord name="ondatasetchanged" />
<KeyWord name="ondatasetcomplete" />
<KeyWord name="ondblclick" />
<KeyWord name="ondeactivate" />
<KeyWord name="ondeviceorientation" />
<KeyWord name="ondownloading" />
<KeyWord name="ondrag" />
<KeyWord name="ondragend" />
<KeyWord name="ondragenter" />
<KeyWord name="ondragleave" />
<KeyWord name="ondragover" />
<KeyWord name="ondragstart" />
<KeyWord name="ondrop" />
<KeyWord name="ondurationchange" />
<KeyWord name="one()" />
<KeyWord name="onemptied" />
<KeyWord name="onended" />
<KeyWord name="onerror" />
<KeyWord name="onerrorupdate" />
<KeyWord name="onfocus" />
<KeyWord name="onfocusin" />
<KeyWord name="onfocusout" />
<KeyWord name="onformchange" />
<KeyWord name="onforminput" />
<KeyWord name="onhashchange" />
<KeyWord name="onhelp" />
<KeyWord name="oninput" />
<KeyWord name="oninvalid" />
<KeyWord name="onkeydown" />
<KeyWord name="onkeypress" />
<KeyWord name="onkeyup" />
<KeyWord name="onLine" />
<KeyWord name="onload" />
<KeyWord name="onload()" />
<KeyWord name="onloadeddata" />
<KeyWord name="onloadedmetadata" />
<KeyWord name="onloadend" />
<KeyWord name="onloadstart" />
<KeyWord name="only-child" />
<KeyWord name="onmessage" />
<KeyWord name="onmousedown" />
<KeyWord name="onmouseenter" />
<KeyWord name="onmouseleave" />
<KeyWord name="onmousemove" />
<KeyWord name="onmouseout" />
<KeyWord name="onmouseover" />
<KeyWord name="onmouseup" />
<KeyWord name="onmousewheel" />
<KeyWord name="onmssitemodejumplistitemremoved" />
<KeyWord name="onmsthumbnailclick" />
<KeyWord name="onnoupdate" />
<KeyWord name="onobsolete" />
<KeyWord name="onoffline" />
<KeyWord name="ononline" />
<KeyWord name="onpagehide" />
<KeyWord name="onpageshow" />
<KeyWord name="onpause" />
<KeyWord name="onplay" />
<KeyWord name="onplaying" />
<KeyWord name="onpopstate" />
<KeyWord name="onprogress" />
<KeyWord name="onpropertychange" />
<KeyWord name="onratechange" />
<KeyWord name="onreadystatechange" />
<KeyWord name="onreset" />
<KeyWord name="onresize" />
<KeyWord name="onresize()" />
<KeyWord name="onrowenter" />
<KeyWord name="onrowexit" />
<KeyWord name="onrowsdelete" />
<KeyWord name="onrowsinserted" />
<KeyWord name="onscroll" />
<KeyWord name="onsearch" />
<KeyWord name="onSearch()" />
<KeyWord name="onseeked" />
<KeyWord name="onseeking" />
<KeyWord name="onselect" />
<KeyWord name="onselectionchange" />
<KeyWord name="onselectstart" />
<KeyWord name="onstalled" />
<KeyWord name="onstop" />
<KeyWord name="onstorage" />
<KeyWord name="onstoragecommit" />
<KeyWord name="onsubmit" />
<KeyWord name="onsuspend" />
<KeyWord name="ontimeupdate" />
<KeyWord name="onunload" />
<KeyWord name="onupdateready" />
<KeyWord name="onvolumechange" />
<KeyWord name="onwaiting" />
<KeyWord name="onwebkitanimationend" />
<KeyWord name="onwebkitanimationiteration" />
<KeyWord name="onwebkitanimationstart" />
<KeyWord name="onwebkittransitionend" />
<KeyWord name="OPEN" />
<KeyWord name="open()" />
<KeyWord name="openDatabase()" />
<KeyWord name="openDialog()" />
<KeyWord name="OPENED" />
<KeyWord name="opener" />
<KeyWord name="opera" />
<KeyWord name="Option" />
<KeyWord name="Option()" />
<KeyWord name="options" />
<KeyWord name="options()" />
<KeyWord name="ORDERED_NODE_ITERATOR_TYPE" />
<KeyWord name="ORDERED_NODE_SNAPSHOT_TYPE" />
<KeyWord name="origin" />
<KeyWord name="oscpu" />
<KeyWord name="outerHeight" />
<KeyWord name="outerHeight()" />
<KeyWord name="outerHTML" />
<KeyWord name="outerText" />
<KeyWord name="outerWidth" />
<KeyWord name="outerWidth()" />
<KeyWord name="OverflowEvent" />
<KeyWord name="OverflowEvent()" />
<KeyWord name="ownerDocument" />
<KeyWord name="package" />
<KeyWord name="PAGE_RULE" />
<KeyWord name="PageTransitionEvent" />
<KeyWord name="PageTransitionEvent()" />
<KeyWord name="pageXOffset" />
<KeyWord name="pageYOffset" />
<KeyWord name="param()" />
<KeyWord name="parent" />
<KeyWord name="parent()" />
<KeyWord name="parentElement" />
<KeyWord name="parentNode" />
<KeyWord name="parents()" />
<KeyWord name="parentsUntil()" />
<KeyWord name="parentWindow" />
<KeyWord name="parse()" />
<KeyWord name="parseFloat()" />
<KeyWord name="parseInt()" />
<KeyWord name="parseJSON()" />
<KeyWord name="parseXML()" />
<KeyWord name="pathname" />
<KeyWord name="PATHSEG_ARC_ABS" />
<KeyWord name="PATHSEG_ARC_REL" />
<KeyWord name="PATHSEG_CLOSEPATH" />
<KeyWord name="PATHSEG_CURVETO_CUBIC_ABS" />
<KeyWord name="PATHSEG_CURVETO_CUBIC_REL" />
<KeyWord name="PATHSEG_CURVETO_CUBIC_SMOOTH_ABS" />
<KeyWord name="PATHSEG_CURVETO_CUBIC_SMOOTH_REL" />
<KeyWord name="PATHSEG_CURVETO_QUADRATIC_ABS" />
<KeyWord name="PATHSEG_CURVETO_QUADRATIC_REL" />
<KeyWord name="PATHSEG_CURVETO_QUADRATIC_SMOOTH_ABS" />
<KeyWord name="PATHSEG_CURVETO_QUADRATIC_SMOOTH_REL" />
<KeyWord name="PATHSEG_LINETO_ABS" />
<KeyWord name="PATHSEG_LINETO_HORIZONTAL_ABS" />
<KeyWord name="PATHSEG_LINETO_HORIZONTAL_REL" />
<KeyWord name="PATHSEG_LINETO_REL" />
<KeyWord name="PATHSEG_LINETO_VERTICAL_ABS" />
<KeyWord name="PATHSEG_LINETO_VERTICAL_REL" />
<KeyWord name="PATHSEG_MOVETO_ABS" />
<KeyWord name="PATHSEG_MOVETO_REL" />
<KeyWord name="PATHSEG_UNKNOWN" />
<KeyWord name="pattern" />
<KeyWord name="performance" />
<KeyWord name="PERSISTENT" />
<KeyWord name="personalbar" />
<KeyWord name="ping" />
<KeyWord name="pixelDepth" />
<KeyWord name="pkcs11" />
<KeyWord name="placeholder" />
<KeyWord name="platform" />
<KeyWord name="Plugin" />
<KeyWord name="Plugin()" />
<KeyWord name="PluginArray" />
<KeyWord name="PluginArray()" />
<KeyWord name="plugins" />
<KeyWord name="plugins()" />
<KeyWord name="pop()" />
<KeyWord name="popChallengeResponse()" />
<KeyWord name="port" />
<KeyWord name="position()" />
<KeyWord name="post" />
<KeyWord name="POST" />
<KeyWord name="post()" />
<KeyWord name="postError()" />
<KeyWord name="postMessage()" />
<KeyWord name="preferredStyleSheetSet" />
<KeyWord name="preferredStylesheetSet" />
<KeyWord name="prefix" />
<KeyWord name="prepend()" />
<KeyWord name="prependTo()" />
<KeyWord name="prev()" />
<KeyWord name="prevAll()" />
<KeyWord name="preventDefault()" />
<KeyWord name="previousElementSibling" />
<KeyWord name="previousSibling" />
<KeyWord name="prevUntil()" />
<KeyWord name="print()" />
<KeyWord name="private" />
<KeyWord name="PROCESSING_INSTRUCTION_NODE" />
<KeyWord name="ProcessingInstruction" />
<KeyWord name="ProcessingInstruction()" />
<KeyWord name="product" />
<KeyWord name="productSub" />
<KeyWord name="profile" />
<KeyWord name="profile()" />
<KeyWord name="profileEnd()" />
<KeyWord name="profiles" />
<KeyWord name="ProgressEvent" />
<KeyWord name="ProgressEvent()" />
<KeyWord name="promise()" />
<KeyWord name="prompt" />
<KeyWord name="prompt()" />
<KeyWord name="prop()" />
<KeyWord name="propertyName" />
<KeyWord name="propFix" />
<KeyWord name="propHooks" />
<KeyWord name="protected" />
<KeyWord name="protocol" />
<KeyWord name="prototype" />
<KeyWord name="proxy()" />
<KeyWord name="public" />
<KeyWord name="push()" />
<KeyWord name="pushStack()" />
<KeyWord name="pushState()" />
<KeyWord name="qualifier" />
<KeyWord name="queryCommandEnabled()" />
<KeyWord name="queryCommandIndeterm()" />
<KeyWord name="queryCommandState()" />
<KeyWord name="queryCommandSupported()" />
<KeyWord name="queryCommandText()" />
<KeyWord name="queryCommandValue()" />
<KeyWord name="QueryInterface()" />
<KeyWord name="querySelector()" />
<KeyWord name="querySelectorAll()" />
<KeyWord name="queryUsageAndQuota()" />
<KeyWord name="queue()" />
<KeyWord name="QUOTA_ERR" />
<KeyWord name="QUOTA_EXCEEDED_ERR" />
<KeyWord name="random()" />
<KeyWord name="Range" />
<KeyWord name="Range()" />
<KeyWord name="RangeError" />
<KeyWord name="RangeException" />
<KeyWord name="RangeException()" />
<KeyWord name="readOnly" />
<KeyWord name="ready()" />
<KeyWord name="readyState" />
<KeyWord name="readyWait" />
<KeyWord name="reason" />
<KeyWord name="recordset" />
<KeyWord name="Rect" />
<KeyWord name="Rect()" />
<KeyWord name="reduce()" />
<KeyWord name="reduceRight()" />
<KeyWord name="ReferenceError" />
<KeyWord name="referrer" />
<KeyWord name="RegExp" />
<KeyWord name="registerContentHandler()" />
<KeyWord name="registerProtocolHandler()" />
<KeyWord name="rel" />
<KeyWord name="releaseCapture()" />
<KeyWord name="releaseEvents()" />
<KeyWord name="reload()" />
<KeyWord name="REMOVAL" />
<KeyWord name="remove()" />
<KeyWord name="removeAttr()" />
<KeyWord name="removeAttribute()" />
<KeyWord name="removeAttributeNode()" />
<KeyWord name="removeAttributeNS()" />
<KeyWord name="removeBinding()" />
<KeyWord name="removeChild()" />
<KeyWord name="removeClass()" />
<KeyWord name="removeController()" />
<KeyWord name="removeControllerAt()" />
<KeyWord name="removeData()" />
<KeyWord name="removeEvent()" />
<KeyWord name="removeEventListener()" />
<KeyWord name="removeNode()" />
<KeyWord name="removeProp()" />
<KeyWord name="RENDERING_INTENT_ABSOLUTE_COLORIMETRIC" />
<KeyWord name="RENDERING_INTENT_AUTO" />
<KeyWord name="RENDERING_INTENT_PERCEPTUAL" />
<KeyWord name="RENDERING_INTENT_RELATIVE_COLORIMETRIC" />
<KeyWord name="RENDERING_INTENT_SATURATION" />
<KeyWord name="RENDERING_INTENT_UNKNOWN" />
<KeyWord name="renderingMode" />
<KeyWord name="repeat" />
<KeyWord name="replace()" />
<KeyWord name="replaceAll()" />
<KeyWord name="replaceChild()" />
<KeyWord name="replaceNode()" />
<KeyWord name="replaceState()" />
<KeyWord name="replaceWith()" />
<KeyWord name="requestPermission()" />
<KeyWord name="requestQuota()" />
<KeyWord name="required" />
<KeyWord name="reset()" />
<KeyWord name="resetFromData()" />
<KeyWord name="resize()" />
<KeyWord name="resizeBy()" />
<KeyWord name="resizeTo()" />
<KeyWord name="result" />
<KeyWord name="return" />
<KeyWord name="return false;" />
<KeyWord name="return true;" />
<KeyWord name="returnValue" />
<KeyWord name="rev" />
<KeyWord name="reverse()" />
<KeyWord name="revokeObjectURL()" />
<KeyWord name="RGBColor" />
<KeyWord name="RGBColor()" />
<KeyWord name="rootElement" />
<KeyWord name="routeEvent()" />
<KeyWord name="rowIndex" />
<KeyWord name="rows" />
<KeyWord name="rows()" />
<KeyWord name="rowSpan" />
<KeyWord name="rules" />
<KeyWord name="sandbox" />
<KeyWord name="scheme" />
<KeyWord name="scope" />
<KeyWord name="screen" />
<KeyWord name="screenLeft" />
<KeyWord name="screenTop" />
<KeyWord name="screenX" />
<KeyWord name="screenY" />
<KeyWord name="scripts" />
<KeyWord name="scripts()" />
<KeyWord name="scroll()" />
<KeyWord name="scrollbars" />
<KeyWord name="scrollBy()" />
<KeyWord name="scrollByLines()" />
<KeyWord name="scrollByPages()" />
<KeyWord name="scrollHeight" />
<KeyWord name="scrolling" />
<KeyWord name="scrollIntoView()" />
<KeyWord name="scrollIntoViewIfNeeded()" />
<KeyWord name="scrollLeft" />
<KeyWord name="scrollLeft()" />
<KeyWord name="scrollMaxX" />
<KeyWord name="scrollMaxY" />
<KeyWord name="scrollTo()" />
<KeyWord name="scrollTop" />
<KeyWord name="scrollTop()" />
<KeyWord name="scrollWidth" />
<KeyWord name="scrollX" />
<KeyWord name="scrollY" />
<KeyWord name="search" />
<KeyWord name="search()" />
<KeyWord name="searchBox" />
<KeyWord name="searchSuggest()" />
<KeyWord name="sectionRowIndex" />
<KeyWord name="security" />
<KeyWord name="SECURITY_ERR" />
<KeyWord name="SELECT" />
<KeyWord name="select()" />
<KeyWord name="selected" />
<KeyWord name="selectedIndex" />
<KeyWord name="selectedOption" />
<KeyWord name="selectedOptions" />
<KeyWord name="selectedStyleSheetSet" />
<KeyWord name="selectedStylesheetSet" />
<KeyWord name="selection" />
<KeyWord name="selectionEnd" />
<KeyWord name="selectionStart" />
<KeyWord name="selectNodes()" />
<KeyWord name="selector" />
<KeyWord name="selectSingleNode()" />
<KeyWord name="self" />
<KeyWord name="serialize()" />
<KeyWord name="serializeArray()" />
<KeyWord name="sessionStorage" />
<KeyWord name="setAttribute()" />
<KeyWord name="setAttributeNode()" />
<KeyWord name="setAttributeNodeNS()" />
<KeyWord name="setAttributeNS()" />
<KeyWord name="setCapture()" />
<KeyWord name="setCustomValidity()" />
<KeyWord name="setData()" />
<KeyWord name="setDate()" />
<KeyWord name="setFullYear()" />
<KeyWord name="setHours()" />
<KeyWord name="setInterval()" />
<KeyWord name="setMilliseconds()" />
<KeyWord name="setMinutes()" />
<KeyWord name="setMonth()" />
<KeyWord name="setOverrideHistoryNavigationMode()" />
<KeyWord name="setPreference()" />
<KeyWord name="setResizable()" />
<KeyWord name="setSeconds()" />
<KeyWord name="setSelectionRange()" />
<KeyWord name="setSuggestResult()" />
<KeyWord name="setTime()" />
<KeyWord name="setTimeout()" />
<KeyWord name="setUserData()" />
<KeyWord name="setUTCDate()" />
<KeyWord name="setUTCFullYear()" />
<KeyWord name="setUTCHours()" />
<KeyWord name="setUTCMilliseconds()" />
<KeyWord name="setUTCMinutes()" />
<KeyWord name="setUTCMonth()" />
<KeyWord name="setUTCSeconds()" />
<KeyWord name="setYear()" />
<KeyWord name="shape" />
<KeyWord name="SharedWorker" />
<KeyWord name="SharedWorker()" />
<KeyWord name="sheet" />
<KeyWord name="shift()" />
<KeyWord name="shiftKey" />
<KeyWord name="shiftLeft" />
<KeyWord name="short" />
<KeyWord name="show()" />
<KeyWord name="SHOW_ALL" />
<KeyWord name="SHOW_ATTRIBUTE" />
<KeyWord name="SHOW_CDATA_SECTION" />
<KeyWord name="SHOW_COMMENT" />
<KeyWord name="SHOW_DOCUMENT" />
<KeyWord name="SHOW_DOCUMENT_FRAGMENT" />
<KeyWord name="SHOW_DOCUMENT_TYPE" />
<KeyWord name="SHOW_ELEMENT" />
<KeyWord name="SHOW_ENTITY" />
<KeyWord name="SHOW_ENTITY_REFERENCE" />
<KeyWord name="SHOW_NOTATION" />
<KeyWord name="SHOW_PROCESSING_INSTRUCTION" />
<KeyWord name="SHOW_TEXT" />
<KeyWord name="showHelp()" />
<KeyWord name="showModalDialog()" />
<KeyWord name="showModelessDialog()" />
<KeyWord name="sibling()" />
<KeyWord name="siblings()" />
<KeyWord name="signText()" />
<KeyWord name="size" />
<KeyWord name="size()" />
<KeyWord name="sizeToContent()" />
<KeyWord name="slice()" />
<KeyWord name="slideDown()" />
<KeyWord name="slideToggle()" />
<KeyWord name="slideUp()" />
<KeyWord name="some()" />
<KeyWord name="sort()" />
<KeyWord name="source" />
<KeyWord name="sourceIndex" />
<KeyWord name="span" />
<KeyWord name="speed()" />
<KeyWord name="spellcheck" />
<KeyWord name="splice()" />
<KeyWord name="split()" />
<KeyWord name="SQLException" />
<KeyWord name="SQLException()" />
<KeyWord name="src" />
<KeyWord name="srcElement" />
<KeyWord name="srcFilter" />
<KeyWord name="srcUrn" />
<KeyWord name="standby" />
<KeyWord name="start" />
<KeyWord name="START_TO_END" />
<KeyWord name="START_TO_START" />
<KeyWord name="state" />
<KeyWord name="static" />
<KeyWord name="status" />
<KeyWord name="statusbar" />
<KeyWord name="step" />
<KeyWord name="stepDown()" />
<KeyWord name="stepUp()" />
<KeyWord name="stop()" />
<KeyWord name="stopImmediatePropagation()" />
<KeyWord name="stopPropagation()" />
<KeyWord name="Storage" />
<KeyWord name="Storage()" />
<KeyWord name="StorageEvent" />
<KeyWord name="StorageEvent()" />
<KeyWord name="stpVersion" />
<KeyWord name="String" />
<KeyWord name="String()" />
<KeyWord name="STRING_TYPE" />
<KeyWord name="stringify()" />
<KeyWord name="style" />
<KeyWord name="style()" />
<KeyWord name="STYLE_RULE" />
<KeyWord name="styleMedia" />
<KeyWord name="StyleSheet" />
<KeyWord name="StyleSheet()" />
<KeyWord name="StyleSheetList" />
<KeyWord name="StyleSheetList()" />
<KeyWord name="styleSheets" />
<KeyWord name="styleSheetSets" />
<KeyWord name="sub()" />
<KeyWord name="submit()" />
<KeyWord name="substr()" />
<KeyWord name="substring()" />
<KeyWord name="success" />
<KeyWord name="summary" />
<KeyWord name="super" />
<KeyWord name="support" />
<KeyWord name="SVG_ANGLETYPE_DEG" />
<KeyWord name="SVG_ANGLETYPE_GRAD" />
<KeyWord name="SVG_ANGLETYPE_RAD" />
<KeyWord name="SVG_ANGLETYPE_UNKNOWN" />
<KeyWord name="SVG_ANGLETYPE_UNSPECIFIED" />
<KeyWord name="SVG_COLORTYPE_CURRENTCOLOR" />
<KeyWord name="SVG_COLORTYPE_RGBCOLOR" />
<KeyWord name="SVG_COLORTYPE_RGBCOLOR_ICCCOLOR" />
<KeyWord name="SVG_COLORTYPE_UNKNOWN" />
<KeyWord name="SVG_INVALID_VALUE_ERR" />
<KeyWord name="SVG_LENGTHTYPE_CM" />
<KeyWord name="SVG_LENGTHTYPE_EMS" />
<KeyWord name="SVG_LENGTHTYPE_EXS" />
<KeyWord name="SVG_LENGTHTYPE_IN" />
<KeyWord name="SVG_LENGTHTYPE_MM" />
<KeyWord name="SVG_LENGTHTYPE_NUMBER" />
<KeyWord name="SVG_LENGTHTYPE_PC" />
<KeyWord name="SVG_LENGTHTYPE_PERCENTAGE" />
<KeyWord name="SVG_LENGTHTYPE_PT" />
<KeyWord name="SVG_LENGTHTYPE_PX" />
<KeyWord name="SVG_LENGTHTYPE_UNKNOWN" />
<KeyWord name="SVG_MARKER_ORIENT_ANGLE" />
<KeyWord name="SVG_MARKER_ORIENT_AUTO" />
<KeyWord name="SVG_MARKER_ORIENT_UNKNOWN" />
<KeyWord name="SVG_MARKERUNITS_STROKEWIDTH" />
<KeyWord name="SVG_MARKERUNITS_UNKNOWN" />
<KeyWord name="SVG_MARKERUNITS_USERSPACEONUSE" />
<KeyWord name="SVG_MATRIX_NOT_INVERTABLE" />
<KeyWord name="SVG_MEETORSLICE_MEET" />
<KeyWord name="SVG_MEETORSLICE_SLICE" />
<KeyWord name="SVG_MEETORSLICE_UNKNOWN" />
<KeyWord name="SVG_PAINTTYPE_CURRENTCOLOR" />
<KeyWord name="SVG_PAINTTYPE_NONE" />
<KeyWord name="SVG_PAINTTYPE_RGBCOLOR" />
<KeyWord name="SVG_PAINTTYPE_RGBCOLOR_ICCCOLOR" />
<KeyWord name="SVG_PAINTTYPE_UNKNOWN" />
<KeyWord name="SVG_PAINTTYPE_URI" />
<KeyWord name="SVG_PAINTTYPE_URI_CURRENTCOLOR" />
<KeyWord name="SVG_PAINTTYPE_URI_NONE" />
<KeyWord name="SVG_PAINTTYPE_URI_RGBCOLOR" />
<KeyWord name="SVG_PAINTTYPE_URI_RGBCOLOR_ICCCOLOR" />
<KeyWord name="SVG_PRESERVEASPECTRATIO_NONE" />
<KeyWord name="SVG_PRESERVEASPECTRATIO_UNKNOWN" />
<KeyWord name="SVG_PRESERVEASPECTRATIO_XMAXYMAX" />
<KeyWord name="SVG_PRESERVEASPECTRATIO_XMAXYMID" />
<KeyWord name="SVG_PRESERVEASPECTRATIO_XMAXYMIN" />
<KeyWord name="SVG_PRESERVEASPECTRATIO_XMIDYMAX" />
<KeyWord name="SVG_PRESERVEASPECTRATIO_XMIDYMID" />
<KeyWord name="SVG_PRESERVEASPECTRATIO_XMIDYMIN" />
<KeyWord name="SVG_PRESERVEASPECTRATIO_XMINYMAX" />
<KeyWord name="SVG_PRESERVEASPECTRATIO_XMINYMID" />
<KeyWord name="SVG_PRESERVEASPECTRATIO_XMINYMIN" />
<KeyWord name="SVG_SPREADMETHOD_PAD" />
<KeyWord name="SVG_SPREADMETHOD_REFLECT" />
<KeyWord name="SVG_SPREADMETHOD_REPEAT" />
<KeyWord name="SVG_SPREADMETHOD_UNKNOWN" />
<KeyWord name="SVG_TRANSFORM_MATRIX" />
<KeyWord name="SVG_TRANSFORM_ROTATE" />
<KeyWord name="SVG_TRANSFORM_SCALE" />
<KeyWord name="SVG_TRANSFORM_SKEWX" />
<KeyWord name="SVG_TRANSFORM_SKEWY" />
<KeyWord name="SVG_TRANSFORM_TRANSLATE" />
<KeyWord name="SVG_TRANSFORM_UNKNOWN" />
<KeyWord name="SVG_UNIT_TYPE_OBJECTBOUNDINGBOX" />
<KeyWord name="SVG_UNIT_TYPE_UNKNOWN" />
<KeyWord name="SVG_UNIT_TYPE_USERSPACEONUSE" />
<KeyWord name="SVG_WRONG_TYPE_ERR" />
<KeyWord name="SVG_ZOOMANDPAN_DISABLE" />
<KeyWord name="SVG_ZOOMANDPAN_MAGNIFY" />
<KeyWord name="SVG_ZOOMANDPAN_UNKNOWN" />
<KeyWord name="SVGAElement" />
<KeyWord name="SVGAElement()" />
<KeyWord name="SVGAltGlyphElement" />
<KeyWord name="SVGAltGlyphElement()" />
<KeyWord name="SVGAngle" />
<KeyWord name="SVGAngle()" />
<KeyWord name="SVGAnimateColorElement" />
<KeyWord name="SVGAnimateColorElement()" />
<KeyWord name="SVGAnimatedAngle" />
<KeyWord name="SVGAnimatedAngle()" />
<KeyWord name="SVGAnimatedBoolean" />
<KeyWord name="SVGAnimatedBoolean()" />
<KeyWord name="SVGAnimatedEnumeration" />
<KeyWord name="SVGAnimatedEnumeration()" />
<KeyWord name="SVGAnimatedInteger" />
<KeyWord name="SVGAnimatedInteger()" />
<KeyWord name="SVGAnimatedLength" />
<KeyWord name="SVGAnimatedLength()" />
<KeyWord name="SVGAnimatedLengthList" />
<KeyWord name="SVGAnimatedLengthList()" />
<KeyWord name="SVGAnimatedNumber" />
<KeyWord name="SVGAnimatedNumber()" />
<KeyWord name="SVGAnimatedNumberList" />
<KeyWord name="SVGAnimatedNumberList()" />
<KeyWord name="SVGAnimatedPreserveAspectRatio" />
<KeyWord name="SVGAnimatedPreserveAspectRatio()" />
<KeyWord name="SVGAnimatedRect" />
<KeyWord name="SVGAnimatedRect()" />
<KeyWord name="SVGAnimatedString" />
<KeyWord name="SVGAnimatedString()" />
<KeyWord name="SVGAnimatedTransformList" />
<KeyWord name="SVGAnimatedTransformList()" />
<KeyWord name="SVGAnimateElement" />
<KeyWord name="SVGAnimateElement()" />
<KeyWord name="SVGAnimateTransformElement" />
<KeyWord name="SVGAnimateTransformElement()" />
<KeyWord name="SVGCircleElement" />
<KeyWord name="SVGCircleElement()" />
<KeyWord name="SVGClipPathElement" />
<KeyWord name="SVGClipPathElement()" />
<KeyWord name="SVGColor" />
<KeyWord name="SVGColor()" />
<KeyWord name="SVGComponentTransferFunctionElement()" />
<KeyWord name="SVGCursorElement" />
<KeyWord name="SVGCursorElement()" />
<KeyWord name="SVGDefsElement" />
<KeyWord name="SVGDefsElement()" />
<KeyWord name="SVGDescElement" />
<KeyWord name="SVGDescElement()" />
<KeyWord name="SVGDocument" />
<KeyWord name="SVGDocument()" />
<KeyWord name="SVGElement" />
<KeyWord name="SVGElement()" />
<KeyWord name="SVGElementInstance" />
<KeyWord name="SVGElementInstance()" />
<KeyWord name="SVGElementInstanceList" />
<KeyWord name="SVGElementInstanceList()" />
<KeyWord name="SVGEllipseElement" />
<KeyWord name="SVGEllipseElement()" />
<KeyWord name="SVGException" />
<KeyWord name="SVGException()" />
<KeyWord name="SVGFEBlendElement()" />
<KeyWord name="SVGFEColorMatrixElement()" />
<KeyWord name="SVGFEComponentTransferElement()" />
<KeyWord name="SVGFECompositeElement()" />
<KeyWord name="SVGFEConvolveMatrixElement()" />
<KeyWord name="SVGFEDiffuseLightingElement()" />
<KeyWord name="SVGFEDisplacementMapElement()" />
<KeyWord name="SVGFEDistantLightElement()" />
<KeyWord name="SVGFEDropShadowElement()" />
<KeyWord name="SVGFEFloodElement()" />
<KeyWord name="SVGFEFuncAElement()" />
<KeyWord name="SVGFEFuncBElement()" />
<KeyWord name="SVGFEFuncGElement()" />
<KeyWord name="SVGFEFuncRElement()" />
<KeyWord name="SVGFEGaussianBlurElement()" />
<KeyWord name="SVGFEImageElement()" />
<KeyWord name="SVGFEMergeElement()" />
<KeyWord name="SVGFEMergeNodeElement()" />
<KeyWord name="SVGFEMorphologyElement()" />
<KeyWord name="SVGFEOffsetElement()" />
<KeyWord name="SVGFEPointLightElement()" />
<KeyWord name="SVGFESpecularLightingElement()" />
<KeyWord name="SVGFESpotLightElement()" />
<KeyWord name="SVGFETileElement()" />
<KeyWord name="SVGFETurbulenceElement()" />
<KeyWord name="SVGFilterElement()" />
<KeyWord name="SVGFontElement" />
<KeyWord name="SVGFontElement()" />
<KeyWord name="SVGFontFaceElement" />
<KeyWord name="SVGFontFaceElement()" />
<KeyWord name="SVGFontFaceFormatElement" />
<KeyWord name="SVGFontFaceFormatElement()" />
<KeyWord name="SVGFontFaceNameElement" />
<KeyWord name="SVGFontFaceNameElement()" />
<KeyWord name="SVGFontFaceSrcElement" />
<KeyWord name="SVGFontFaceSrcElement()" />
<KeyWord name="SVGFontFaceUriElement" />
<KeyWord name="SVGFontFaceUriElement()" />
<KeyWord name="SVGForeignObjectElement" />
<KeyWord name="SVGForeignObjectElement()" />
<KeyWord name="SVGGElement" />
<KeyWord name="SVGGElement()" />
<KeyWord name="SVGGlyphElement" />
<KeyWord name="SVGGlyphElement()" />
<KeyWord name="SVGGradientElement" />
<KeyWord name="SVGGradientElement()" />
<KeyWord name="SVGHKernElement" />
<KeyWord name="SVGHKernElement()" />
<KeyWord name="SVGImageElement" />
<KeyWord name="SVGImageElement()" />
<KeyWord name="SVGLength" />
<KeyWord name="SVGLength()" />
<KeyWord name="SVGLengthList" />
<KeyWord name="SVGLengthList()" />
<KeyWord name="SVGLinearGradientElement" />
<KeyWord name="SVGLinearGradientElement()" />
<KeyWord name="SVGLineElement" />
<KeyWord name="SVGLineElement()" />
<KeyWord name="SVGMarkerElement" />
<KeyWord name="SVGMarkerElement()" />
<KeyWord name="SVGMaskElement" />
<KeyWord name="SVGMaskElement()" />
<KeyWord name="SVGMatrix" />
<KeyWord name="SVGMatrix()" />
<KeyWord name="SVGMetadataElement" />
<KeyWord name="SVGMetadataElement()" />
<KeyWord name="SVGMissingGlyphElement" />
<KeyWord name="SVGMissingGlyphElement()" />
<KeyWord name="SVGNumber" />
<KeyWord name="SVGNumber()" />
<KeyWord name="SVGNumberList" />
<KeyWord name="SVGNumberList()" />
<KeyWord name="SVGPaint" />
<KeyWord name="SVGPaint()" />
<KeyWord name="SVGPathElement" />
<KeyWord name="SVGPathElement()" />
<KeyWord name="SVGPathSeg" />
<KeyWord name="SVGPathSeg()" />
<KeyWord name="SVGPathSegArcAbs" />
<KeyWord name="SVGPathSegArcAbs()" />
<KeyWord name="SVGPathSegArcRel" />
<KeyWord name="SVGPathSegArcRel()" />
<KeyWord name="SVGPathSegClosePath" />
<KeyWord name="SVGPathSegClosePath()" />
<KeyWord name="SVGPathSegCurvetoCubicAbs" />
<KeyWord name="SVGPathSegCurvetoCubicAbs()" />
<KeyWord name="SVGPathSegCurvetoCubicRel" />
<KeyWord name="SVGPathSegCurvetoCubicRel()" />
<KeyWord name="SVGPathSegCurvetoCubicSmoothAbs" />
<KeyWord name="SVGPathSegCurvetoCubicSmoothAbs()" />
<KeyWord name="SVGPathSegCurvetoCubicSmoothRel" />
<KeyWord name="SVGPathSegCurvetoCubicSmoothRel()" />
<KeyWord name="SVGPathSegCurvetoQuadraticAbs" />
<KeyWord name="SVGPathSegCurvetoQuadraticAbs()" />
<KeyWord name="SVGPathSegCurvetoQuadraticRel" />
<KeyWord name="SVGPathSegCurvetoQuadraticRel()" />
<KeyWord name="SVGPathSegCurvetoQuadraticSmoothAbs" />
<KeyWord name="SVGPathSegCurvetoQuadraticSmoothAbs()" />
<KeyWord name="SVGPathSegCurvetoQuadraticSmoothRel" />
<KeyWord name="SVGPathSegCurvetoQuadraticSmoothRel()" />
<KeyWord name="SVGPathSegLinetoAbs" />
<KeyWord name="SVGPathSegLinetoAbs()" />
<KeyWord name="SVGPathSegLinetoHorizontalAbs" />
<KeyWord name="SVGPathSegLinetoHorizontalAbs()" />
<KeyWord name="SVGPathSegLinetoHorizontalRel" />
<KeyWord name="SVGPathSegLinetoHorizontalRel()" />
<KeyWord name="SVGPathSegLinetoRel" />
<KeyWord name="SVGPathSegLinetoRel()" />
<KeyWord name="SVGPathSegLinetoVerticalAbs" />
<KeyWord name="SVGPathSegLinetoVerticalAbs()" />
<KeyWord name="SVGPathSegLinetoVerticalRel" />
<KeyWord name="SVGPathSegLinetoVerticalRel()" />
<KeyWord name="SVGPathSegList" />
<KeyWord name="SVGPathSegList()" />
<KeyWord name="SVGPathSegMovetoAbs" />
<KeyWord name="SVGPathSegMovetoAbs()" />
<KeyWord name="SVGPathSegMovetoRel" />
<KeyWord name="SVGPathSegMovetoRel()" />
<KeyWord name="SVGPatternElement" />
<KeyWord name="SVGPatternElement()" />
<KeyWord name="SVGPoint" />
<KeyWord name="SVGPoint()" />
<KeyWord name="SVGPointList" />
<KeyWord name="SVGPointList()" />
<KeyWord name="SVGPolygonElement" />
<KeyWord name="SVGPolygonElement()" />
<KeyWord name="SVGPolylineElement" />
<KeyWord name="SVGPolylineElement()" />
<KeyWord name="SVGPreserveAspectRatio" />
<KeyWord name="SVGPreserveAspectRatio()" />
<KeyWord name="SVGRadialGradientElement" />
<KeyWord name="SVGRadialGradientElement()" />
<KeyWord name="SVGRect" />
<KeyWord name="SVGRect()" />
<KeyWord name="SVGRectElement" />
<KeyWord name="SVGRectElement()" />
<KeyWord name="SVGRenderingIntent" />
<KeyWord name="SVGRenderingIntent()" />
<KeyWord name="SVGScriptElement" />
<KeyWord name="SVGScriptElement()" />
<KeyWord name="SVGSetElement" />
<KeyWord name="SVGSetElement()" />
<KeyWord name="SVGStopElement" />
<KeyWord name="SVGStopElement()" />
<KeyWord name="SVGStringList" />
<KeyWord name="SVGStringList()" />
<KeyWord name="SVGStyleElement" />
<KeyWord name="SVGStyleElement()" />
<KeyWord name="SVGSVGElement" />
<KeyWord name="SVGSVGElement()" />
<KeyWord name="SVGSwitchElement" />
<KeyWord name="SVGSwitchElement()" />
<KeyWord name="SVGSymbolElement" />
<KeyWord name="SVGSymbolElement()" />
<KeyWord name="SVGTextContentElement" />
<KeyWord name="SVGTextContentElement()" />
<KeyWord name="SVGTextElement" />
<KeyWord name="SVGTextElement()" />
<KeyWord name="SVGTextPathElement" />
<KeyWord name="SVGTextPathElement()" />
<KeyWord name="SVGTextPositioningElement" />
<KeyWord name="SVGTextPositioningElement()" />
<KeyWord name="SVGTitleElement" />
<KeyWord name="SVGTitleElement()" />
<KeyWord name="SVGTransform" />
<KeyWord name="SVGTransform()" />
<KeyWord name="SVGTransformList" />
<KeyWord name="SVGTransformList()" />
<KeyWord name="SVGTRefElement" />
<KeyWord name="SVGTRefElement()" />
<KeyWord name="SVGTSpanElement" />
<KeyWord name="SVGTSpanElement()" />
<KeyWord name="SVGUnitTypes" />
<KeyWord name="SVGUnitTypes()" />
<KeyWord name="SVGUseElement" />
<KeyWord name="SVGUseElement()" />
<KeyWord name="SVGViewElement" />
<KeyWord name="SVGViewElement()" />
<KeyWord name="SVGVKernElement" />
<KeyWord name="SVGVKernElement()" />
<KeyWord name="SVGZoomAndPan()" />
<KeyWord name="SVGZoomEvent" />
<KeyWord name="SVGZoomEvent()" />
<KeyWord name="swap()" />
<KeyWord name="swapCache()" />
<KeyWord name="swapNode()" />
<KeyWord name="switch" />
<KeyWord name="synchronized" />
<KeyWord name="SYNTAX_ERR" />
<KeyWord name="SyntaxError" />
<KeyWord name="systemLanguage" />
<KeyWord name="systemXDPI" />
<KeyWord name="systemYDPI" />
<KeyWord name="tabIndex" />
<KeyWord name="table()" />
<KeyWord name="tagName" />
<KeyWord name="taintEnabled()" />
<KeyWord name="target" />
<KeyWord name="tBodies" />
<KeyWord name="tBodies()" />
<KeyWord name="TEMPORARY" />
<KeyWord name="test()" />
<KeyWord name="text" />
<KeyWord name="Text" />
<KeyWord name="Text()" />
<KeyWord name="text()" />
<KeyWord name="TEXT_NODE" />
<KeyWord name="textContent" />
<KeyWord name="TextEvent" />
<KeyWord name="TextEvent()" />
<KeyWord name="textLength" />
<KeyWord name="TextMetrics" />
<KeyWord name="TextMetrics()" />
<KeyWord name="TEXTPATH_METHODTYPE_ALIGN" />
<KeyWord name="TEXTPATH_METHODTYPE_STRETCH" />
<KeyWord name="TEXTPATH_METHODTYPE_UNKNOWN" />
<KeyWord name="TEXTPATH_SPACINGTYPE_AUTO" />
<KeyWord name="TEXTPATH_SPACINGTYPE_EXACT" />
<KeyWord name="TEXTPATH_SPACINGTYPE_UNKNOWN" />
<KeyWord name="tFoot" />
<KeyWord name="tHead" />
<KeyWord name="this" />
<KeyWord name="throw" />
<KeyWord name="throws" />
<KeyWord name="time()" />
<KeyWord name="timeEnd()" />
<KeyWord name="TIMEOUT_ERR" />
<KeyWord name="TimeRanges" />
<KeyWord name="TimeRanges()" />
<KeyWord name="timers" />
<KeyWord name="timeStamp" />
<KeyWord name="timeStamp()" />
<KeyWord name="timing" />
<KeyWord name="title" />
<KeyWord name="toArray()" />
<KeyWord name="toDateString()" />
<KeyWord name="toElement" />
<KeyWord name="toExponential()" />
<KeyWord name="toFixed()" />
<KeyWord name="toggle()" />
<KeyWord name="toggleClass()" />
<KeyWord name="toGMTString()" />
<KeyWord name="toISOString()" />
<KeyWord name="toJSON()" />
<KeyWord name="toLocaleDateString()" />
<KeyWord name="toLocaleFormat()" />
<KeyWord name="toLocaleLowerCase()" />
<KeyWord name="toLocaleString()" />
<KeyWord name="toLocaleTimeString()" />
<KeyWord name="toLocaleUpperCase()" />
<KeyWord name="toLowerCase()" />
<KeyWord name="TOO_LARGE_ERR" />
<KeyWord name="toolbar" />
<KeyWord name="top" />
<KeyWord name="topMargin" />
<KeyWord name="toPrecision()" />
<KeyWord name="toSource()" />
<KeyWord name="toStaticHTML()" />
<KeyWord name="toString()" />
<KeyWord name="toTimeString()" />
<KeyWord name="TouchEvent()" />
<KeyWord name="toUpperCase()" />
<KeyWord name="toUTCString()" />
<KeyWord name="trace()" />
<KeyWord name="transient" />
<KeyWord name="trigger()" />
<KeyWord name="triggerHandler()" />
<KeyWord name="trim()" />
<KeyWord name="true" />
<KeyWord name="try" />
<KeyWord name="type" />
<KeyWord name="type()" />
<KeyWord name="TYPE_ERR" />
<KeyWord name="TYPE_MISMATCH_ERR" />
<KeyWord name="TypeError" />
<KeyWord name="typeof" />
<KeyWord name="uaMatch()" />
<KeyWord name="UIEvent" />
<KeyWord name="UIEvent()" />
<KeyWord name="Uint16Array" />
<KeyWord name="Uint16Array()" />
<KeyWord name="Uint32Array" />
<KeyWord name="Uint32Array()" />
<KeyWord name="Uint8Array" />
<KeyWord name="Uint8Array()" />
<KeyWord name="unbind()" />
<KeyWord name="UNCACHED" />
<KeyWord name="undefined" />
<KeyWord name="undelegate()" />
<KeyWord name="unescape()" />
<KeyWord name="unique()" />
<KeyWord name="uniqueID" />
<KeyWord name="UNKNOWN_ERR" />
<KeyWord name="UNKNOWN_RULE" />
<KeyWord name="unload()" />
<KeyWord name="UNORDERED_NODE_ITERATOR_TYPE" />
<KeyWord name="UNORDERED_NODE_SNAPSHOT_TYPE" />
<KeyWord name="unselectable" />
<KeyWord name="UNSENT" />
<KeyWord name="unshift()" />
<KeyWord name="UNSPECIFIED_EVENT_TYPE_ERR" />
<KeyWord name="unwrap()" />
<KeyWord name="update()" />
<KeyWord name="updateCommands()" />
<KeyWord name="updateInterval" />
<KeyWord name="UPDATEREADY" />
<KeyWord name="updateSettings()" />
<KeyWord name="URIError" />
<KeyWord name="URL" />
<KeyWord name="url" />
<KeyWord name="URL_MISMATCH_ERR" />
<KeyWord name="URLUnencoded" />
<KeyWord name="useMap" />
<KeyWord name="userAgent" />
<KeyWord name="userLanguage" />
<KeyWord name="uuid" />
<KeyWord name="v8Locale()" />
<KeyWord name="val()" />
<KeyWord name="valHooks" />
<KeyWord name="VALIDATION_ERR" />
<KeyWord name="validationMessage" />
<KeyWord name="validity" />
<KeyWord name="vAlign" />
<KeyWord name="value" />
<KeyWord name="valueAsDate" />
<KeyWord name="valueAsNumber" />
<KeyWord name="valueOf()" />
<KeyWord name="valueType" />
<KeyWord name="var" />
<KeyWord name="var self = this" />
<KeyWord name="vendor" />
<KeyWord name="vendorSub" />
<KeyWord name="version" />
<KeyWord name="version()" />
<KeyWord name="VERSION_ERR" />
<KeyWord name="VERTICAL" />
<KeyWord name="visible" />
<KeyWord name="vLink" />
<KeyWord name="vlinkColor" />
<KeyWord name="void" />
<KeyWord name="volatile" />
<KeyWord name="vspace" />
<KeyWord name="VXMLAudioRecording()" />
<KeyWord name="warn()" />
<KeyWord name="WebGLActiveInfo()" />
<KeyWord name="WebGLBuffer()" />
<KeyWord name="WebGLFramebuffer()" />
<KeyWord name="WebGLProgram()" />
<KeyWord name="WebGLRenderbuffer()" />
<KeyWord name="WebGLRenderingContext()" />
<KeyWord name="WebGLShader()" />
<KeyWord name="WebGLTexture()" />
<KeyWord name="WebGLUniformLocation()" />
<KeyWord name="WEBKIT_KEYFRAME_RULE" />
<KeyWord name="WEBKIT_KEYFRAMES_RULE" />
<KeyWord name="WebKitAnimationEvent" />
<KeyWord name="WebKitAnimationEvent()" />
<KeyWord name="webkitAudioPannerNode()" />
<KeyWord name="WebKitBlobBuilder()" />
<KeyWord name="webkitCancelFullScreen()" />
<KeyWord name="webkitCancelRequestAnimationFrame()" />
<KeyWord name="webkitConvertPointFromNodeToPage()" />
<KeyWord name="webkitConvertPointFromPageToNode()" />
<KeyWord name="WebKitCSSKeyframeRule" />
<KeyWord name="WebKitCSSKeyframeRule()" />
<KeyWord name="WebKitCSSKeyframesRule" />
<KeyWord name="WebKitCSSKeyframesRule()" />
<KeyWord name="WebKitCSSMatrix" />
<KeyWord name="WebKitCSSMatrix()" />
<KeyWord name="WebKitCSSTransformValue" />
<KeyWord name="WebKitCSSTransformValue()" />
<KeyWord name="webkitCurrentFullScreenElement" />
<KeyWord name="webkitdirectory" />
<KeyWord name="webkitdropzone" />
<KeyWord name="WebKitFlags()" />
<KeyWord name="webkitFullScreenKeyboardInputAllowed" />
<KeyWord name="webkitGrammar" />
<KeyWord name="webkitHidden" />
<KeyWord name="webkitIDBCursor()" />
<KeyWord name="webkitIDBDatabase()" />
<KeyWord name="webkitIDBDatabaseError()" />
<KeyWord name="webkitIDBDatabaseException()" />
<KeyWord name="webkitIDBFactory()" />
<KeyWord name="webkitIDBIndex()" />
<KeyWord name="webkitIDBKeyRange()" />
<KeyWord name="webkitIDBObjectStore()" />
<KeyWord name="webkitIDBRequest()" />
<KeyWord name="webkitIDBTransaction()" />
<KeyWord name="webkitIndexedDB" />
<KeyWord name="webkitIsFullScreen" />
<KeyWord name="webkitMatchesSelector()" />
<KeyWord name="webkitNotifications" />
<KeyWord name="WebKitPoint" />
<KeyWord name="WebKitPoint()" />
<KeyWord name="webkitRequestAnimationFrame()" />
<KeyWord name="webkitRequestFileSystem()" />
<KeyWord name="webkitRequestFullScreen()" />
<KeyWord name="webkitResolveLocalFileSystemURL()" />
<KeyWord name="webkitSpeech" />
<KeyWord name="webkitStorageInfo" />
<KeyWord name="WebKitTransitionEvent" />
<KeyWord name="WebKitTransitionEvent()" />
<KeyWord name="webkitURL" />
<KeyWord name="webkitVisibilityState" />
<KeyWord name="WebSocket" />
<KeyWord name="WebSocket()" />
<KeyWord name="wheelDelta" />
<KeyWord name="WheelEvent" />
<KeyWord name="WheelEvent()" />
<KeyWord name="when()" />
<KeyWord name="while" />
<KeyWord name="width" />
<KeyWord name="width()" />
<KeyWord name="willValidate" />
<KeyWord name="window" />
<KeyWord name="with" />
<KeyWord name="Worker" />
<KeyWord name="Worker()" />
<KeyWord name="wrap" />
<KeyWord name="wrap()" />
<KeyWord name="wrapAll()" />
<KeyWord name="wrapInner()" />
<KeyWord name="write()" />
<KeyWord name="writeln()" />
<KeyWord name="WRONG_DOCUMENT_ERR" />
<KeyWord name="x" />
<KeyWord name="XMLDocument" />
<KeyWord name="XMLDocument()" />
<KeyWord name="xmlEncoding" />
<KeyWord name="XMLHttpRequest" />
<KeyWord name="XMLHttpRequest()" />
<KeyWord name="XMLHttpRequestException" />
<KeyWord name="XMLHttpRequestException()" />
<KeyWord name="XMLHttpRequestUpload" />
<KeyWord name="XMLHttpRequestUpload()" />
<KeyWord name="XMLSerializer" />
<KeyWord name="XMLSerializer()" />
<KeyWord name="xmlStandalone" />
<KeyWord name="xmlVersion" />
<KeyWord name="XPathEvaluator" />
<KeyWord name="XPathEvaluator()" />
<KeyWord name="XPathException" />
<KeyWord name="XPathException()" />
<KeyWord name="XPathResult" />
<KeyWord name="XPathResult()" />
<KeyWord name="XSLTProcessor" />
<KeyWord name="XSLTProcessor()" />
<KeyWord name="y" />
</AutoComplete></NotepadPlus>
