<?xml version="1.0" encoding="Windows-1252" ?><NotepadPlus><AutoComplete>
<KeyWord name=":active" />
<KeyWord name=":after" />
<KeyWord name=":before" />
<KeyWord name=":first" />
<KeyWord name=":first-child" />
<KeyWord name=":first-letter" />
<KeyWord name=":first-line" />
<KeyWord name=":focus" />
<KeyWord name=":hover" />
<KeyWord name=":lang" />
<KeyWord name=":left" />
<KeyWord name=":link" />
<KeyWord name=":right" />
<KeyWord name=":visited" />
<KeyWord name="!important;" />
<KeyWord name="&quot;\5B8B\4F53&quot;/*songti*/;" />
<KeyWord name="&quot;\5FAE\8F6F96C59ED1&quot;/*yahei*/,sans-serif/*for mac*/;" />
<KeyWord name="&quot;\6977\4F53&quot;/*kaiti*/;" />
<KeyWord name="&quot;\9ED1\4F53&quot;/*heti*/;" />
<KeyWord name="-moz-" />
<KeyWord name="-ms-" />
<KeyWord name="-o-" />
<KeyWord name="-webkit-" />
<KeyWord name="@charset" />
<KeyWord name="@font-face{font-family:name;src:url(url);sRules};" />
<KeyWord name="@fontdef" />
<KeyWord name="@import url();" />
<KeyWord name="@media" />
<KeyWord name="@page" />
<KeyWord name="active" />
<KeyWord name="after" />
<KeyWord name="aqua;" />
<KeyWord name="background:" />
<KeyWord name="background:transparent none repeat scroll 0% 0%;" />
<KeyWord name="background:url(images/) no-repeat;" />
<KeyWord name="background-attachment:fixed;" />
<KeyWord name="background-attachment:scroll;" />
<KeyWord name="background-clip:border-box;" />
<KeyWord name="background-clip:content-box;" />
<KeyWord name="background-clip:no-clip;" />
<KeyWord name="background-clip:padding-box;" />
<KeyWord name="background-color:" />
<KeyWord name="background-color:#000;" />
<KeyWord name="background-color:hsl();" />
<KeyWord name="background-color:hsla();" />
<KeyWord name="background-color:rgb(0,0,0);" />
<KeyWord name="background-color:rgba();" />
<KeyWord name="background-color:rgba(r||g||b||alpha);" />
<KeyWord name="background-color:transparent;" />
<KeyWord name="background-image:none;" />
<KeyWord name="background-image:url(images/);" />
<KeyWord name="background-origin:border;" />
<KeyWord name="background-origin:content;" />
<KeyWord name="background-origin:padding;" />
<KeyWord name="background-position:" />
<KeyWord name="background-position-x:" />
<KeyWord name="background-position-y:" />
<KeyWord name="background-repeat:no-repeat;" />
<KeyWord name="background-repeat:repeat-x;" />
<KeyWord name="background-repeat:repeat-y;" />
<KeyWord name="background-repeat:repeat;" />
<KeyWord name="background-size:" />
<KeyWord name="before" />
<KeyWord name="behavior:url();" />
<KeyWord name="black;" />
<KeyWord name="blue;" />
<KeyWord name="border:" />
<KeyWord name="border:1px solid #000;" />
<KeyWord name="border-bottom:" />
<KeyWord name="border-bottom-color:" />
<KeyWord name="border-bottom-image:" />
<KeyWord name="border-bottom-left-image:" />
<KeyWord name="border-bottom-left-radius:" />
<KeyWord name="border-bottom-right-image:" />
<KeyWord name="border-bottom-right-radius:" />
<KeyWord name="border-bottom-style:dashed;" />
<KeyWord name="border-bottom-style:dotted;" />
<KeyWord name="border-bottom-style:double;" />
<KeyWord name="border-bottom-style:groove;" />
<KeyWord name="border-bottom-style:hidden;" />
<KeyWord name="border-bottom-style:inset;" />
<KeyWord name="border-bottom-style:none;" />
<KeyWord name="border-bottom-style:outset;" />
<KeyWord name="border-bottom-style:ridge;" />
<KeyWord name="border-bottom-style:solid;" />
<KeyWord name="border-bottom-width:" />
<KeyWord name="border-bottom-width:medium;" />
<KeyWord name="border-bottom-width:thick;" />
<KeyWord name="border-bottom-width:thin;" />
<KeyWord name="border-collapse:collapse;" />
<KeyWord name="border-collapse:separate;" />
<KeyWord name="border-color:" />
<KeyWord name="border-color:none;" />
<KeyWord name="border-corner-image:" />
<KeyWord name="border-image:" />
<KeyWord name="border-image:none;" />
<KeyWord name="border-left:" />
<KeyWord name="border-left-color:" />
<KeyWord name="border-left-image:" />
<KeyWord name="border-left-style:dashed;" />
<KeyWord name="border-left-style:dotted;" />
<KeyWord name="border-left-style:double;" />
<KeyWord name="border-left-style:groove;" />
<KeyWord name="border-left-style:hidden;" />
<KeyWord name="border-left-style:inset;" />
<KeyWord name="border-left-style:none;" />
<KeyWord name="border-left-style:outset;" />
<KeyWord name="border-left-style:ridge;" />
<KeyWord name="border-left-style:solid;" />
<KeyWord name="border-left-width:" />
<KeyWord name="border-left-width:medium;" />
<KeyWord name="border-left-width:thick;" />
<KeyWord name="border-left-width:thin;" />
<KeyWord name="border-radius:" />
<KeyWord name="border-radius:none;" />
<KeyWord name="border-right:" />
<KeyWord name="border-right-color:" />
<KeyWord name="border-right-image:" />
<KeyWord name="border-right-style:dashed;" />
<KeyWord name="border-right-style:dotted;" />
<KeyWord name="border-right-style:double;" />
<KeyWord name="border-right-style:groove;" />
<KeyWord name="border-right-style:hidden;" />
<KeyWord name="border-right-style:inset;" />
<KeyWord name="border-right-style:none;" />
<KeyWord name="border-right-style:outset;" />
<KeyWord name="border-right-style:ridge;" />
<KeyWord name="border-right-style:solid;" />
<KeyWord name="border-right-width:" />
<KeyWord name="border-right-width:medium;" />
<KeyWord name="border-right-width:thick;" />
<KeyWord name="border-right-width:thin;" />
<KeyWord name="border-spacing:" />
<KeyWord name="border-style:dashed;" />
<KeyWord name="border-style:dotted;" />
<KeyWord name="border-style:double;" />
<KeyWord name="border-style:groove;" />
<KeyWord name="border-style:hidden;" />
<KeyWord name="border-style:inset;" />
<KeyWord name="border-style:none;" />
<KeyWord name="border-style:outset;" />
<KeyWord name="border-style:ridge;" />
<KeyWord name="border-style:solid;" />
<KeyWord name="border-top:" />
<KeyWord name="border-top-color:" />
<KeyWord name="border-top-image:" />
<KeyWord name="border-top-left-image:" />
<KeyWord name="border-top-left-radius:" />
<KeyWord name="border-top-right-image:" />
<KeyWord name="border-top-right-radius:" />
<KeyWord name="border-top-style:dashed;" />
<KeyWord name="border-top-style:dotted;" />
<KeyWord name="border-top-style:double;" />
<KeyWord name="border-top-style:groove;" />
<KeyWord name="border-top-style:hidden;" />
<KeyWord name="border-top-style:inset;" />
<KeyWord name="border-top-style:none;" />
<KeyWord name="border-top-style:outset;" />
<KeyWord name="border-top-style:ridge;" />
<KeyWord name="border-top-style:solid;" />
<KeyWord name="border-top-width:" />
<KeyWord name="border-top-width:medium;" />
<KeyWord name="border-top-width:thick;" />
<KeyWord name="border-top-width:thin;" />
<KeyWord name="border-width:" />
<KeyWord name="border-width:medium;" />
<KeyWord name="border-width:thick;" />
<KeyWord name="border-width:thin;" />
<KeyWord name="bottom:" />
<KeyWord name="box-shadow:" />
<KeyWord name="box-shadow:1px 1px 1px #000;" />
<KeyWord name="box-sizing:border-box;" />
<KeyWord name="box-sizing:content-box;" />
<KeyWord name="box-sizing:inherit;" />
<KeyWord name="caption-side:bottom;" />
<KeyWord name="caption-side:left;" />
<KeyWord name="caption-side:right;" />
<KeyWord name="caption-side:top;" />
<KeyWord name="clear:both;" />
<KeyWord name="clear:left;" />
<KeyWord name="clear:none;" />
<KeyWord name="clear:right;" />
<KeyWord name="clip:auto;" />
<KeyWord name="clip:rect(0 0 0 0);" />
<KeyWord name="cm;" />
<KeyWord name="color:" />
<KeyWord name="color:#000;" />
<KeyWord name="color:rgb(0,0,0);" />
<KeyWord name="column-break-after:" />
<KeyWord name="column-break-before:" />
<KeyWord name="column-count:" />
<KeyWord name="column-fill:" />
<KeyWord name="column-gap:" />
<KeyWord name="column-rule:" />
<KeyWord name="column-rule-color:" />
<KeyWord name="column-rule-style:" />
<KeyWord name="column-rule-width:" />
<KeyWord name="column-span:" />
<KeyWord name="column-width:" />
<KeyWord name="columns:" />
<KeyWord name="content:[string];" />
<KeyWord name="content:attr(alt);" />
<KeyWord name="content:close-quote;" />
<KeyWord name="content:counter(name);" />
<KeyWord name="content:counter(name, list-style-type);" />
<KeyWord name="content:counters(name, string);" />
<KeyWord name="content:counters(name, string, list-style-type);" />
<KeyWord name="content:no-close-quote;" />
<KeyWord name="content:no-open-quote;" />
<KeyWord name="content:open-quote;" />
<KeyWord name="content:url(url);" />
<KeyWord name="counter-increment:" />
<KeyWord name="counter-increment:none;" />
<KeyWord name="counter-reset:" />
<KeyWord name="counter-reset:none;" />
<KeyWord name="cursor:all-scroll;" />
<KeyWord name="cursor:auto;" />
<KeyWord name="cursor:col-resize;" />
<KeyWord name="cursor:crosshair;" />
<KeyWord name="cursor:default;" />
<KeyWord name="cursor:e-resize;" />
<KeyWord name="cursor:hand;" />
<KeyWord name="cursor:help;" />
<KeyWord name="cursor:move;" />
<KeyWord name="cursor:n-resize;" />
<KeyWord name="cursor:ne-resize;" />
<KeyWord name="cursor:no-drop;" />
<KeyWord name="cursor:not-allowed;" />
<KeyWord name="cursor:nw-resize;" />
<KeyWord name="cursor:pointer;" />
<KeyWord name="cursor:progress;" />
<KeyWord name="cursor:row-resize;" />
<KeyWord name="cursor:s-resize;" />
<KeyWord name="cursor:se-resize;" />
<KeyWord name="cursor:sw-resize;" />
<KeyWord name="cursor:text;" />
<KeyWord name="cursor:url();" />
<KeyWord name="cursor:vertical-text;" />
<KeyWord name="cursor:w-resize;" />
<KeyWord name="cursor:wait;" />
<KeyWord name="deg;" />
<KeyWord name="direction:inherit;" />
<KeyWord name="direction:ltr;" />
<KeyWord name="direction:rtl;" />
<KeyWord name="display:block;" />
<KeyWord name="display:compact;" />
<KeyWord name="display:inline-table;" />
<KeyWord name="display:inline;" />
<KeyWord name="display:list-item;" />
<KeyWord name="display:marker;" />
<KeyWord name="display:none;" />
<KeyWord name="display:run-in;" />
<KeyWord name="display:table-caption;" />
<KeyWord name="display:table-cell;" />
<KeyWord name="display:table-column-group;" />
<KeyWord name="display:table-column;" />
<KeyWord name="display:table-footer-group;" />
<KeyWord name="display:table-header-group;" />
<KeyWord name="display:table-row-group;" />
<KeyWord name="display:table-row;" />
<KeyWord name="display:table;" />
<KeyWord name="em;" />
<KeyWord name="empty-cells:hide;" />
<KeyWord name="empty-cells:show;" />
<KeyWord name="ex;" />
<KeyWord name="filter:" />
<KeyWord name="filter:alpha(opacity=50);opacity:.5;" />
<KeyWord name="first" />
<KeyWord name="first-child" />
<KeyWord name="first-letter" />
<KeyWord name="first-line" />
<KeyWord name="float:left;" />
<KeyWord name="float:none;" />
<KeyWord name="float:right;" />
<KeyWord name="focus" />
<KeyWord name="font:" />
<KeyWord name="font-family:" />
<KeyWord name="font-size:" />
<KeyWord name="font-style:italic;" />
<KeyWord name="font-style:normal;" />
<KeyWord name="font-style:oblique;" />
<KeyWord name="font-variant:normal;" />
<KeyWord name="font-variant:small-caps;" />
<KeyWord name="font-weight:bold;" />
<KeyWord name="font-weight:normal;" />
<KeyWord name="fuchsia;" />
<KeyWord name="grad;" />
<KeyWord name="gray;" />
<KeyWord name="green;" />
<KeyWord name="height:" />
<KeyWord name="height:100%;" />
<KeyWord name="height:auto;" />
<KeyWord name="hover" />
<KeyWord name="Hz;" />
<KeyWord name="ime-mode:active;" />
<KeyWord name="ime-mode:auto;" />
<KeyWord name="ime-mode:disabled;" />
<KeyWord name="ime-mode:inactive;" />
<KeyWord name="important;" />
<KeyWord name="in;" />
<KeyWord name="include-source:url();" />
<KeyWord name="kHz;" />
<KeyWord name="layer-background-color:" />
<KeyWord name="layer-background-color:transparent;" />
<KeyWord name="layer-background-image:none;" />
<KeyWord name="layer-background-image:url();" />
<KeyWord name="layout-flow:horizontal;" />
<KeyWord name="layout-flow:vertical-ideographic;" />
<KeyWord name="layout-grid:[mode type line char];" />
<KeyWord name="layout-grid-char:[length];" />
<KeyWord name="layout-grid-char:auto;" />
<KeyWord name="layout-grid-char:none;" />
<KeyWord name="layout-grid-line:[length];" />
<KeyWord name="layout-grid-line:auto;" />
<KeyWord name="layout-grid-line:none;" />
<KeyWord name="layout-grid-mode:both;" />
<KeyWord name="layout-grid-mode:char;" />
<KeyWord name="layout-grid-mode:line;" />
<KeyWord name="layout-grid-mode:none;" />
<KeyWord name="layout-grid-type:fixed;" />
<KeyWord name="layout-grid-type:loose;" />
<KeyWord name="layout-grid-type:strict;" />
<KeyWord name="left:" />
<KeyWord name="letter-spacing:" />
<KeyWord name="letter-spacing:normal;" />
<KeyWord name="lime;" />
<KeyWord name="line-break:normal;" />
<KeyWord name="line-break:strict;" />
<KeyWord name="line-height:" />
<KeyWord name="line-height:1.5;" />
<KeyWord name="line-height:normal;" />
<KeyWord name="link" />
<KeyWord name="list-style:" />
<KeyWord name="list-style-image:none;" />
<KeyWord name="list-style-image:url(images/);" />
<KeyWord name="list-style-position:inside;" />
<KeyWord name="list-style-position:outside;" />
<KeyWord name="list-style-type:armenian;" />
<KeyWord name="list-style-type:circle;" />
<KeyWord name="list-style-type:cjk-ideographic;" />
<KeyWord name="list-style-type:decimal;" />
<KeyWord name="list-style-type:disc;" />
<KeyWord name="list-style-type:georgian;" />
<KeyWord name="list-style-type:hebrew;" />
<KeyWord name="list-style-type:hiragana-iroha;" />
<KeyWord name="list-style-type:hiragana;" />
<KeyWord name="list-style-type:katakana-iroha;" />
<KeyWord name="list-style-type:katakana;" />
<KeyWord name="list-style-type:lower-alpha;" />
<KeyWord name="list-style-type:lower-greek;" />
<KeyWord name="list-style-type:lower-latin;" />
<KeyWord name="list-style-type:lower-roman;" />
<KeyWord name="list-style-type:none;" />
<KeyWord name="list-style-type:square;" />
<KeyWord name="list-style-type:upper-alpha;" />
<KeyWord name="list-style-type:upper-latin;" />
<KeyWord name="list-style-type:upper-roman;" />
<KeyWord name="margin:" />
<KeyWord name="margin:0 auto;" />
<KeyWord name="margin-bottom:" />
<KeyWord name="margin-left:" />
<KeyWord name="margin-right:" />
<KeyWord name="margin-top:" />
<KeyWord name="marker-offset:auto;" />
<KeyWord name="maroon;" />
<KeyWord name="max-height:" />
<KeyWord name="max-height:none;" />
<KeyWord name="max-width:" />
<KeyWord name="max-width:none;" />
<KeyWord name="min-height:" />
<KeyWord name="min-height:none;" />
<KeyWord name="min-width:" />
<KeyWord name="min-width:none;" />
<KeyWord name="mm;" />
<KeyWord name="moz-" />
<KeyWord name="ms-" />
<KeyWord name="ms;" />
<KeyWord name="nav-down:" />
<KeyWord name="nav-down:auto;" />
<KeyWord name="nav-index:" />
<KeyWord name="nav-index:auto;" />
<KeyWord name="nav-left:" />
<KeyWord name="nav-left:auto;" />
<KeyWord name="nav-right:" />
<KeyWord name="nav-right:auto;" />
<KeyWord name="nav-up:" />
<KeyWord name="nav-up:auto;" />
<KeyWord name="navy;" />
<KeyWord name="o-" />
<KeyWord name="olive;" />
<KeyWord name="opacity:" />
<KeyWord name="orphans:" />
<KeyWord name="outline:" />
<KeyWord name="outline-color:" />
<KeyWord name="outline-color:invert;" />
<KeyWord name="outline-offset:" />
<KeyWord name="outline-style:dashed;" />
<KeyWord name="outline-style:dotted;" />
<KeyWord name="outline-style:double;" />
<KeyWord name="outline-style:groove;" />
<KeyWord name="outline-style:inset;" />
<KeyWord name="outline-style:none;" />
<KeyWord name="outline-style:outset;" />
<KeyWord name="outline-style:ridge;" />
<KeyWord name="outline-style:solid;" />
<KeyWord name="outline-width:" />
<KeyWord name="outline-width:medium;" />
<KeyWord name="outline-width:thick;" />
<KeyWord name="outline-width:thin;" />
<KeyWord name="overflow:auto;" />
<KeyWord name="overflow:hidden;" />
<KeyWord name="overflow:hidden;text-overflow:ellipsis;white-space:nowrap;" />
<KeyWord name="overflow:scroll;" />
<KeyWord name="overflow:visible;" />
<KeyWord name="overflow-x:auto;" />
<KeyWord name="overflow-x:hidden;" />
<KeyWord name="overflow-x:scroll;" />
<KeyWord name="overflow-x:visible;" />
<KeyWord name="overflow-y:auto;" />
<KeyWord name="overflow-y:hidden;" />
<KeyWord name="overflow-y:scroll;" />
<KeyWord name="overflow-y:visible;" />
<KeyWord name="padding:" />
<KeyWord name="padding-bottom:" />
<KeyWord name="padding-left:" />
<KeyWord name="padding-right:" />
<KeyWord name="padding-top:" />
<KeyWord name="page-break-after:always;" />
<KeyWord name="page-break-after:auto;" />
<KeyWord name="page-break-after:avoid;" />
<KeyWord name="page-break-after:left;" />
<KeyWord name="page-break-after:null;" />
<KeyWord name="page-break-after:right;" />
<KeyWord name="page-break-before:always;" />
<KeyWord name="page-break-before:auto;" />
<KeyWord name="page-break-before:avoid;" />
<KeyWord name="page-break-before:left;" />
<KeyWord name="page-break-before:null;" />
<KeyWord name="page-break-before:right;" />
<KeyWord name="page-break-inside:auto;" />
<KeyWord name="page-break-inside:avoid;" />
<KeyWord name="pc;" />
<KeyWord name="position:absolute;" />
<KeyWord name="position:fixed;" />
<KeyWord name="position:relative;" />
<KeyWord name="position:static;" />
<KeyWord name="pt;" />
<KeyWord name="purple;" />
<KeyWord name="px;" />
<KeyWord name="quotes:" />
<KeyWord name="quotes:none;" />
<KeyWord name="rad;" />
<KeyWord name="red;" />
<KeyWord name="resize:both;" />
<KeyWord name="resize:horizontal;" />
<KeyWord name="resize:inherit;" />
<KeyWord name="resize:none;" />
<KeyWord name="resize:vertical;" />
<KeyWord name="right:" />
<KeyWord name="ruby-align:auto;" />
<KeyWord name="ruby-align:center;" />
<KeyWord name="ruby-align:distribute-letter;" />
<KeyWord name="ruby-align:distribute-space;" />
<KeyWord name="ruby-align:left;" />
<KeyWord name="ruby-align:line-edge;" />
<KeyWord name="ruby-align:right;" />
<KeyWord name="ruby-overhang:auto;" />
<KeyWord name="ruby-overhang:none;" />
<KeyWord name="ruby-overhang:whitespace;" />
<KeyWord name="ruby-position:above;" />
<KeyWord name="ruby-position:inline;" />
<KeyWord name="s;" />
<KeyWord name="scrollbar-3dlight-color:" />
<KeyWord name="scrollbar-arrow-color:" />
<KeyWord name="scrollbar-base-color:" />
<KeyWord name="scrollbar-darkshadow-color:" />
<KeyWord name="scrollbar-face-color:" />
<KeyWord name="scrollbar-highlight-color:" />
<KeyWord name="scrollbar-shadow-color:" />
<KeyWord name="scrollbar-track-color:" />
<KeyWord name="silver;" />
<KeyWord name="table-layout:auto;" />
<KeyWord name="table-layout:fixed;" />
<KeyWord name="teal;" />
<KeyWord name="text-align:center;" />
<KeyWord name="text-align:justify;" />
<KeyWord name="text-align:left;" />
<KeyWord name="text-align:right;" />
<KeyWord name="text-autospace:ideograph-alpha;" />
<KeyWord name="text-autospace:ideograph-numeric;" />
<KeyWord name="text-autospace:ideograph-parenthesis;" />
<KeyWord name="text-autospace:ideograph-space;" />
<KeyWord name="text-autospace:none;" />
<KeyWord name="text-decoration:blink;" />
<KeyWord name="text-decoration:line-through;" />
<KeyWord name="text-decoration:none;" />
<KeyWord name="text-decoration:overline;" />
<KeyWord name="text-decoration:underline;" />
<KeyWord name="text-indent:" />
<KeyWord name="text-indent:-9999px;" />
<KeyWord name="text-justify:auto;" />
<KeyWord name="text-justify:distribute-all-lines;" />
<KeyWord name="text-justify:distribute-center-last;" />
<KeyWord name="text-justify:distribute;" />
<KeyWord name="text-justify:inter-cluster;" />
<KeyWord name="text-justify:inter-ideograph;" />
<KeyWord name="text-justify:inter-word;" />
<KeyWord name="text-justify:kashida;" />
<KeyWord name="text-justify:newspaper;" />
<KeyWord name="text-kashida-space:[length];" />
<KeyWord name="text-overflow:clip;" />
<KeyWord name="text-overflow:ellipsis;" />
<KeyWord name="text-shadow:" />
<KeyWord name="text-shadow:1px 1px 1px #000;" />
<KeyWord name="text-transform:capitalize;" />
<KeyWord name="text-transform:lowercase;" />
<KeyWord name="text-transform:none;" />
<KeyWord name="text-transform:uppercase;" />
<KeyWord name="text-underline-position:above;" />
<KeyWord name="text-underline-position:below;" />
<KeyWord name="top:" />
<KeyWord name="unicode-bidi:bidi-override;" />
<KeyWord name="unicode-bidi:embed;" />
<KeyWord name="unicode-bidi:normal;" />
<KeyWord name="vertical-align:[length];" />
<KeyWord name="vertical-align:auto;" />
<KeyWord name="vertical-align:baseline;" />
<KeyWord name="vertical-align:bottom;" />
<KeyWord name="vertical-align:middle;" />
<KeyWord name="vertical-align:sub;" />
<KeyWord name="vertical-align:super;" />
<KeyWord name="vertical-align:text-bottom;" />
<KeyWord name="vertical-align:text-top;" />
<KeyWord name="vertical-align:top;" />
<KeyWord name="visibility:collapse;" />
<KeyWord name="visibility:hidden;" />
<KeyWord name="visibility:inherit;" />
<KeyWord name="visibility:visible;" />
<KeyWord name="visited" />
<KeyWord name="webkit-" />
<KeyWord name="white-space:normal;" />
<KeyWord name="white-space:nowrap;" />
<KeyWord name="white-space:pre;" />
<KeyWord name="white;" />
<KeyWord name="widows:" />
<KeyWord name="width:" />
<KeyWord name="width:100%;" />
<KeyWord name="width:auto;" />
<KeyWord name="word-break:break-all;" />
<KeyWord name="word-break:keep-all;" />
<KeyWord name="word-break:normal;" />
<KeyWord name="word-spacing:" />
<KeyWord name="word-spacing:normal;" />
<KeyWord name="word-wrap:break-word;" />
<KeyWord name="word-wrap:normal;" />
<KeyWord name="writing-mode:lr-tb;" />
<KeyWord name="writing-mode:tb-rl;" />
<KeyWord name="yellow;" />
<KeyWord name="z-index:" />
<KeyWord name="zoom:" />
<KeyWord name="zoom:1;" />
<KeyWord name="zoom:normal;" />
</AutoComplete></NotepadPlus>